Threshold,FAR,FRR
0.001,0.0,1.0
0.002,0.0,0.996962
0.003,0.000349,0.990885
0.004,0.001743,0.982909
0.005,0.004183,0.973414
0.006,0.006623,0.964679
0.007,0.007668,0.957083
0.008,0.010108,0.950247
0.009,0.012199,0.940372
0.01,0.015336,0.930498
0.011,0.018822,0.915686
0.012,0.021959,0.904671
0.013,0.025096,0.895936
0.014,0.027884,0.8891
0.015,0.031021,0.880365
0.016,0.034158,0.87049
0.017,0.037644,0.862514
0.018,0.040432,0.854539
0.019,0.042524,0.842385
0.02,0.045661,0.838207
0.021,0.0481,0.830611
0.022,0.051934,0.821117
0.023,0.055769,0.8139
0.024,0.058557,0.805925
0.025,0.061345,0.797569
0.026,0.064482,0.794151
0.027,0.066922,0.788834
0.028,0.069711,0.780858
0.029,0.072848,0.775541
0.03,0.075288,0.767186
0.031,0.076682,0.75921
0.032,0.079819,0.752754
0.033,0.083653,0.744398
0.034,0.085047,0.737182
0.035,0.086093,0.728447
0.036,0.088881,0.72237
0.037,0.092018,0.716673
0.038,0.094109,0.709457
0.039,0.096549,0.702621
0.04,0.098641,0.695404
0.041,0.102475,0.689328
0.042,0.10596,0.683631
0.043,0.108749,0.677554
0.044,0.111189,0.672617
0.045,0.112931,0.665401
0.046,0.117463,0.660843
0.047,0.118857,0.654387
0.048,0.120251,0.650589
0.049,0.121645,0.646031
0.05,0.123736,0.642233
0.051,0.125828,0.639195
0.052,0.127571,0.634258
0.053,0.128965,0.63008
0.054,0.13001,0.624763
0.055,0.13245,0.620965
0.056,0.13489,0.615268
0.057,0.136633,0.609951
0.058,0.139073,0.605393
0.059,0.140119,0.601595
0.06,0.143255,0.597417
0.061,0.145695,0.59172
0.062,0.148484,0.587163
0.063,0.151272,0.583365
0.064,0.155106,0.580327
0.065,0.157895,0.576908
0.066,0.161032,0.57425
0.067,0.164517,0.571971
0.068,0.16626,0.566274
0.069,0.166957,0.562476
0.07,0.167306,0.557159
0.071,0.169397,0.553361
0.072,0.170443,0.548044
0.073,0.172534,0.545006
0.074,0.173928,0.541208
0.075,0.177065,0.53703
0.076,0.179854,0.534371
0.077,0.181248,0.532093
0.078,0.183688,0.528675
0.079,0.184733,0.522598
0.08,0.186825,0.51842
0.081,0.18787,0.516141
0.082,0.189962,0.511584
0.083,0.192402,0.507026
0.084,0.193796,0.503988
0.085,0.195539,0.501709
0.086,0.19763,0.497152
0.087,0.200767,0.493733
0.088,0.20251,0.491455
0.089,0.205647,0.488416
0.09,0.207041,0.484998
0.091,0.208784,0.48196
0.092,0.212618,0.477782
0.093,0.213663,0.476643
0.094,0.215755,0.472845
0.095,0.216452,0.469427
0.096,0.217497,0.46373
0.097,0.217846,0.461831
0.098,0.218892,0.459172
0.099,0.221331,0.455374
0.1,0.223423,0.451576
0.101,0.226211,0.449297
0.102,0.227954,0.447019
0.103,0.229348,0.44474
0.104,0.230742,0.439803
0.105,0.232485,0.437904
0.106,0.233879,0.436384
0.107,0.235622,0.431067
0.108,0.237016,0.429928
0.109,0.238411,0.428029
0.11,0.239108,0.42613
0.111,0.241199,0.424611
0.112,0.242942,0.423092
0.113,0.24573,0.420433
0.114,0.247822,0.417395
0.115,0.249564,0.415875
0.116,0.249564,0.413217
0.117,0.253398,0.411698
0.118,0.254793,0.40828
0.119,0.256884,0.404482
0.12,0.258627,0.401823
0.121,0.259672,0.400684
0.122,0.262112,0.398785
0.123,0.263855,0.396126
0.124,0.265249,0.394607
0.125,0.267341,0.390809
0.126,0.269432,0.38815
0.127,0.270129,0.386251
0.128,0.271175,0.385112
0.129,0.273614,0.383973
0.13,0.273614,0.380934
0.131,0.274312,0.379415
0.132,0.276054,0.376377
0.133,0.2771,0.373718
0.134,0.280237,0.37068
0.135,0.280934,0.36954
0.136,0.28198,0.368021
0.137,0.283723,0.366882
0.138,0.286511,0.365742
0.139,0.288951,0.364223
0.14,0.289648,0.361945
0.141,0.292436,0.360046
0.142,0.293482,0.359666
0.143,0.293831,0.357387
0.144,0.294179,0.354728
0.145,0.294876,0.35207
0.146,0.29627,0.349791
0.147,0.298362,0.348652
0.148,0.29871,0.346373
0.149,0.300453,0.344474
0.15,0.302544,0.342955
0.151,0.304287,0.340676
0.152,0.304984,0.338397
0.153,0.306379,0.336878
0.154,0.307076,0.334599
0.155,0.30847,0.331181
0.156,0.309167,0.329662
0.157,0.309864,0.328902
0.158,0.31091,0.327003
0.159,0.312304,0.323585
0.16,0.313001,0.322826
0.161,0.315441,0.321306
0.162,0.316138,0.318268
0.163,0.316487,0.31561
0.164,0.317532,0.31447
0.165,0.319275,0.312571
0.166,0.320669,0.309913
0.167,0.322063,0.308773
0.168,0.323109,0.306874
0.169,0.323806,0.305355
0.17,0.324852,0.303836
0.171,0.326595,0.303456
0.172,0.32764,0.302317
0.173,0.327989,0.300798
0.174,0.328337,0.299658
0.175,0.329035,0.298899
0.176,0.330429,0.297759
0.177,0.330777,0.29548
0.178,0.331474,0.294721
0.179,0.333566,0.292442
0.18,0.33496,0.290543
0.181,0.3374,0.288264
0.182,0.339143,0.287505
0.183,0.340188,0.285986
0.184,0.341582,0.285606
0.185,0.343325,0.284846
0.186,0.345765,0.282947
0.187,0.346811,0.281808
0.188,0.347508,0.280668
0.189,0.348554,0.27801
0.19,0.348554,0.276111
0.191,0.351342,0.274972
0.192,0.352388,0.273452
0.193,0.353085,0.273452
0.194,0.35413,0.272313
0.195,0.355525,0.271174
0.196,0.35657,0.269275
0.197,0.357964,0.268135
0.198,0.358662,0.267376
0.199,0.359359,0.265856
0.2,0.359707,0.263578
0.201,0.36145,0.262058
0.202,0.363193,0.26016
0.203,0.36633,0.25902
0.204,0.367375,0.257881
0.205,0.368421,0.256362
0.206,0.369467,0.255602
0.207,0.371209,0.254842
0.208,0.372255,0.254083
0.209,0.374695,0.251804
0.21,0.375741,0.249905
0.211,0.377483,0.247246
0.212,0.379575,0.247246
0.213,0.381666,0.246867
0.214,0.383409,0.245727
0.215,0.384803,0.244208
0.216,0.386197,0.243069
0.217,0.38794,0.242309
0.218,0.389334,0.238891
0.219,0.389683,0.237372
0.22,0.39038,0.235853
0.221,0.391077,0.233194
0.222,0.392123,0.232434
0.223,0.393865,0.231295
0.224,0.394563,0.230536
0.225,0.395608,0.228257
0.226,0.398048,0.228257
0.227,0.398745,0.227497
0.228,0.400488,0.226738
0.229,0.401185,0.226358
0.23,0.402579,0.225218
0.231,0.402928,0.223699
0.232,0.403276,0.2218
0.233,0.403276,0.219901
0.234,0.404671,0.217622
0.235,0.406065,0.216863
0.236,0.407459,0.214584
0.237,0.40955,0.213825
0.238,0.409899,0.213445
0.239,0.410247,0.212305
0.24,0.410596,0.211166
0.241,0.411293,0.209647
0.242,0.412687,0.208887
0.243,0.413384,0.208507
0.244,0.415127,0.206229
0.245,0.415127,0.205089
0.246,0.417219,0.204709
0.247,0.418961,0.20433
0.248,0.419658,0.20395
0.249,0.420356,0.20357
0.25,0.421401,0.20281
0.251,0.423144,0.20281
0.252,0.423841,0.200912
0.253,0.424538,0.200532
0.254,0.425584,0.200532
0.255,0.427327,0.199772
0.256,0.428024,0.199392
0.257,0.429766,0.199013
0.258,0.430812,0.196734
0.259,0.431858,0.196354
0.26,0.432206,0.195215
0.261,0.432903,0.194455
0.262,0.434298,0.193316
0.263,0.434646,0.192556
0.264,0.435343,0.192176
0.265,0.436389,0.190277
0.266,0.437783,0.189897
0.267,0.43848,0.189518
0.268,0.438829,0.188758
0.269,0.439526,0.188758
0.27,0.440572,0.1861
0.271,0.441617,0.18534
0.272,0.44336,0.18458
0.273,0.444754,0.183061
0.274,0.4458,0.182302
0.275,0.446497,0.181922
0.276,0.446846,0.181542
0.277,0.447194,0.181162
0.278,0.449285,0.180403
0.279,0.45068,0.179643
0.28,0.451725,0.179263
0.281,0.452422,0.178504
0.282,0.452771,0.178504
0.283,0.453817,0.178124
0.284,0.455559,0.177364
0.285,0.455908,0.177364
0.286,0.457651,0.176605
0.287,0.458696,0.175465
0.288,0.459742,0.174706
0.289,0.460788,0.173566
0.29,0.461833,0.172427
0.291,0.46253,0.171667
0.292,0.463925,0.171288
0.293,0.465319,0.170908
0.294,0.466713,0.169768
0.295,0.46741,0.169768
0.296,0.46741,0.169768
0.297,0.468107,0.169768
0.298,0.468456,0.169389
0.299,0.46985,0.168249
0.3,0.470199,0.167869
0.301,0.471244,0.16711
0.302,0.471941,0.16635
0.303,0.472639,0.16597
0.304,0.472639,0.165211
0.305,0.474033,0.164451
0.306,0.47473,0.164071
0.307,0.47473,0.162552
0.308,0.475776,0.160273
0.309,0.476473,0.158754
0.31,0.478215,0.157995
0.311,0.478913,0.157235
0.312,0.480307,0.156855
0.313,0.481004,0.156096
0.314,0.481701,0.155716
0.315,0.482398,0.155336
0.316,0.482747,0.154577
0.317,0.482747,0.154577
0.318,0.483444,0.154577
0.319,0.485186,0.154197
0.32,0.485535,0.153437
0.321,0.485884,0.153437
0.322,0.486581,0.152298
0.323,0.487278,0.151538
0.324,0.487975,0.150399
0.325,0.489021,0.150019
0.326,0.489369,0.14888
0.327,0.489718,0.1485
0.328,0.490415,0.1485
0.329,0.491112,0.14736
0.33,0.492506,0.146981
0.331,0.493203,0.145841
0.332,0.494249,0.144702
0.333,0.494597,0.143183
0.334,0.496689,0.142423
0.335,0.496689,0.142423
0.336,0.497037,0.141284
0.337,0.497734,0.140524
0.338,0.498432,0.139005
0.339,0.499477,0.139005
0.34,0.500174,0.137486
0.341,0.500871,0.135587
0.342,0.502266,0.134447
0.343,0.503311,0.134447
0.344,0.504008,0.133688
0.345,0.504357,0.132169
0.346,0.505054,0.132169
0.347,0.505403,0.132169
0.348,0.5061,0.131789
0.349,0.507145,0.131789
0.35,0.508191,0.131789
0.351,0.509585,0.131409
0.352,0.510631,0.130649
0.353,0.512025,0.12989
0.354,0.512374,0.12913
0.355,0.512374,0.12913
0.356,0.513419,0.12875
0.357,0.514465,0.127231
0.358,0.514465,0.126092
0.359,0.515859,0.125712
0.36,0.517253,0.125332
0.361,0.517602,0.124953
0.362,0.517951,0.124953
0.363,0.52039,0.123813
0.364,0.52039,0.123433
0.365,0.521436,0.123433
0.366,0.522133,0.122674
0.367,0.523179,0.121914
0.368,0.523876,0.121534
0.369,0.524224,0.121534
0.37,0.52527,0.121155
0.371,0.525967,0.120775
0.372,0.527013,0.120775
0.373,0.52771,0.120775
0.374,0.528407,0.120395
0.375,0.530498,0.119635
0.376,0.531544,0.118496
0.377,0.532241,0.118116
0.378,0.532241,0.117357
0.379,0.532938,0.116597
0.38,0.533287,0.116597
0.381,0.534681,0.116217
0.382,0.53503,0.115837
0.383,0.535378,0.115078
0.384,0.536075,0.114318
0.385,0.537121,0.114318
0.386,0.537121,0.114318
0.387,0.53747,0.114318
0.388,0.539909,0.113179
0.389,0.540258,0.113179
0.39,0.540955,0.112799
0.391,0.541652,0.112419
0.392,0.542349,0.11166
0.393,0.542349,0.11052
0.394,0.543743,0.109761
0.395,0.544789,0.109381
0.396,0.546183,0.108242
0.397,0.54688,0.107102
0.398,0.547926,0.106722
0.399,0.550017,0.106722
0.4,0.551412,0.106343
0.401,0.552109,0.105583
0.402,0.552457,0.105203
0.403,0.553503,0.104444
0.404,0.554549,0.103304
0.405,0.555594,0.102545
0.406,0.55664,0.101785
0.407,0.557337,0.100266
0.408,0.557686,0.099506
0.409,0.558034,0.099506
0.41,0.558034,0.098747
0.411,0.55908,0.098747
0.412,0.559428,0.097987
0.413,0.559777,0.097227
0.414,0.560474,0.096088
0.415,0.561171,0.095708
0.416,0.561868,0.095329
0.417,0.562914,0.094189
0.418,0.563262,0.094189
0.419,0.56396,0.094189
0.42,0.565354,0.094189
0.421,0.566051,0.094189
0.422,0.566051,0.09343
0.423,0.566399,0.09343
0.424,0.567794,0.09305
0.425,0.569188,0.09229
0.426,0.569885,0.09229
0.427,0.570234,0.09191
0.428,0.571279,0.091531
0.429,0.572325,0.091531
0.43,0.573022,0.091151
0.431,0.573371,0.090771
0.432,0.574068,0.090391
0.433,0.574068,0.089632
0.434,0.575113,0.088492
0.435,0.575462,0.088112
0.436,0.57581,0.088112
0.437,0.576159,0.087733
0.438,0.577205,0.087353
0.439,0.577553,0.086973
0.44,0.57825,0.086213
0.441,0.579296,0.085454
0.442,0.579993,0.084694
0.443,0.581039,0.083935
0.444,0.58313,0.083935
0.445,0.58313,0.083935
0.446,0.583479,0.083935
0.447,0.584176,0.083555
0.448,0.584524,0.083555
0.449,0.584873,0.083175
0.45,0.585221,0.082415
0.451,0.586964,0.082036
0.452,0.587313,0.081276
0.453,0.588358,0.080896
0.454,0.589404,0.080137
0.455,0.589753,0.080137
0.456,0.59045,0.079377
0.457,0.590798,0.078618
0.458,0.590798,0.078238
0.459,0.591147,0.078238
0.46,0.591844,0.077858
0.461,0.592541,0.077858
0.462,0.593587,0.077858
0.463,0.593935,0.077478
0.464,0.594632,0.076719
0.465,0.595678,0.076339
0.466,0.596375,0.076339
0.467,0.597072,0.075959
0.468,0.598815,0.075579
0.469,0.598815,0.075579
0.47,0.599163,0.075199
0.471,0.600558,0.075199
0.472,0.6023,0.075199
0.473,0.602998,0.075199
0.474,0.603346,0.075199
0.475,0.603695,0.075199
0.476,0.604043,0.07482
0.477,0.604392,0.07444
0.478,0.605437,0.07406
0.479,0.606483,0.07368
0.48,0.606832,0.07368
0.481,0.606832,0.07368
0.482,0.607529,0.0733
0.483,0.609272,0.072541
0.484,0.609969,0.071781
0.485,0.610317,0.071781
0.486,0.611711,0.071401
0.487,0.612409,0.071401
0.488,0.612757,0.070642
0.489,0.614151,0.070262
0.49,0.615545,0.068743
0.491,0.616243,0.068743
0.492,0.61694,0.068743
0.493,0.617288,0.068363
0.494,0.617288,0.067983
0.495,0.618334,0.067983
0.496,0.619728,0.067983
0.497,0.620425,0.067603
0.498,0.620774,0.067603
0.499,0.621471,0.067603
0.5,0.622517,0.067603
0.501,0.623214,0.067224
0.502,0.623562,0.066844
0.503,0.623911,0.066464
0.504,0.623911,0.065705
0.505,0.624259,0.065705
0.506,0.624956,0.065705
0.507,0.626002,0.065705
0.508,0.627048,0.064945
0.509,0.627048,0.064945
0.51,0.627048,0.063806
0.511,0.627745,0.063806
0.512,0.628442,0.063806
0.513,0.629488,0.063426
0.514,0.629836,0.063426
0.515,0.631579,0.063046
0.516,0.632973,0.062666
0.517,0.63367,0.062286
0.518,0.63367,0.061907
0.519,0.63367,0.061907
0.52,0.634716,0.061527
0.521,0.635064,0.061147
0.522,0.635762,0.061147
0.523,0.636807,0.061147
0.524,0.638201,0.061147
0.525,0.638201,0.061147
0.526,0.639596,0.061147
0.527,0.639944,0.059628
0.528,0.640641,0.059248
0.529,0.641338,0.059248
0.53,0.641687,0.058488
0.531,0.642733,0.058488
0.532,0.643081,0.058488
0.533,0.64343,0.057729
0.534,0.644127,0.057729
0.535,0.644824,0.057349
0.536,0.645521,0.056969
0.537,0.647264,0.056589
0.538,0.647612,0.056589
0.539,0.64831,0.05621
0.54,0.649704,0.05583
0.541,0.650401,0.05507
0.542,0.650749,0.05507
0.543,0.651446,0.05469
0.544,0.652144,0.05469
0.545,0.652144,0.053931
0.546,0.652492,0.053551
0.547,0.652492,0.053171
0.548,0.653538,0.052791
0.549,0.654235,0.052412
0.55,0.654583,0.052412
0.551,0.655281,0.051652
0.552,0.655978,0.051272
0.553,0.656675,0.050893
0.554,0.657023,0.050133
0.555,0.65772,0.049753
0.556,0.658069,0.049373
0.557,0.658766,0.048994
0.558,0.658766,0.048994
0.559,0.659463,0.048994
0.56,0.659463,0.048994
0.561,0.659463,0.048994
0.562,0.659812,0.048614
0.563,0.660857,0.048234
0.564,0.661903,0.048234
0.565,0.662252,0.047854
0.566,0.662252,0.047474
0.567,0.662252,0.047474
0.568,0.6626,0.047474
0.569,0.6626,0.047474
0.57,0.663994,0.046715
0.571,0.665389,0.046715
0.572,0.665389,0.046335
0.573,0.666783,0.045955
0.574,0.66748,0.045196
0.575,0.668526,0.044816
0.576,0.669571,0.044816
0.577,0.670617,0.044436
0.578,0.672011,0.044436
0.579,0.672708,0.044436
0.58,0.674451,0.044436
0.581,0.675148,0.044436
0.582,0.676194,0.044056
0.583,0.677588,0.043676
0.584,0.678285,0.043676
0.585,0.678285,0.043676
0.586,0.679331,0.043676
0.587,0.679331,0.043297
0.588,0.680725,0.043297
0.589,0.681422,0.043297
0.59,0.682119,0.043297
0.591,0.682816,0.042917
0.592,0.683165,0.042537
0.593,0.683513,0.042157
0.594,0.684559,0.042157
0.595,0.684908,0.041777
0.596,0.685256,0.041777
0.597,0.685256,0.041777
0.598,0.68665,0.041777
0.599,0.686999,0.041398
0.6,0.686999,0.041018
0.601,0.688742,0.041018
0.602,0.688742,0.041018
0.603,0.688742,0.041018
0.604,0.689439,0.040638
0.605,0.690136,0.040638
0.606,0.690484,0.039878
0.607,0.691182,0.039878
0.608,0.69153,0.039878
0.609,0.691879,0.039878
0.61,0.692576,0.039499
0.611,0.692924,0.039119
0.612,0.693273,0.039119
0.613,0.694667,0.038359
0.614,0.695364,0.037979
0.615,0.69641,0.037979
0.616,0.697107,0.037979
0.617,0.697804,0.0376
0.618,0.698501,0.0376
0.619,0.699547,0.03722
0.62,0.699547,0.03722
0.621,0.699895,0.03722
0.622,0.700244,0.03722
0.623,0.70129,0.03684
0.624,0.701987,0.035701
0.625,0.703032,0.035701
0.626,0.704427,0.035701
0.627,0.704775,0.035701
0.628,0.705821,0.035321
0.629,0.706518,0.035321
0.63,0.706518,0.035321
0.631,0.707564,0.035321
0.632,0.708958,0.035321
0.633,0.708958,0.035321
0.634,0.710003,0.035321
0.635,0.710003,0.035321
0.636,0.711049,0.035321
0.637,0.711049,0.034941
0.638,0.711746,0.034941
0.639,0.712443,0.034941
0.64,0.712792,0.034561
0.641,0.712792,0.033802
0.642,0.71314,0.033802
0.643,0.713489,0.033422
0.644,0.714535,0.033042
0.645,0.715929,0.033042
0.646,0.716975,0.033042
0.647,0.717323,0.033042
0.648,0.717672,0.033042
0.649,0.718717,0.033042
0.65,0.719414,0.033042
0.651,0.719763,0.033042
0.652,0.720809,0.032662
0.653,0.721157,0.032662
0.654,0.721506,0.032662
0.655,0.721506,0.032662
0.656,0.722551,0.032662
0.657,0.723597,0.032662
0.658,0.723946,0.032283
0.659,0.724991,0.032283
0.66,0.725688,0.031903
0.661,0.726386,0.031903
0.662,0.727083,0.031523
0.663,0.727083,0.031143
0.664,0.727083,0.031143
0.665,0.727083,0.030384
0.666,0.727431,0.030004
0.667,0.72778,0.030004
0.668,0.728128,0.029244
0.669,0.728825,0.029244
0.67,0.728825,0.028864
0.671,0.728825,0.028864
0.672,0.729522,0.028864
0.673,0.729522,0.028485
0.674,0.729871,0.028105
0.675,0.729871,0.028105
0.676,0.730568,0.028105
0.677,0.730568,0.028105
0.678,0.731614,0.028105
0.679,0.732311,0.027345
0.68,0.733357,0.027345
0.681,0.733357,0.026965
0.682,0.734054,0.026965
0.683,0.734054,0.026965
0.684,0.735099,0.026586
0.685,0.736145,0.026206
0.686,0.736842,0.025826
0.687,0.737539,0.025826
0.688,0.737888,0.025826
0.689,0.737888,0.025446
0.69,0.737888,0.025446
0.691,0.738236,0.025066
0.692,0.738933,0.025066
0.693,0.739631,0.024687
0.694,0.739631,0.024687
0.695,0.739631,0.024307
0.696,0.739631,0.024307
0.697,0.739979,0.024307
0.698,0.741373,0.023927
0.699,0.741722,0.023927
0.7,0.743116,0.023927
0.701,0.743813,0.023927
0.702,0.743813,0.023927
0.703,0.74451,0.023547
0.704,0.746253,0.023547
0.705,0.746602,0.022788
0.706,0.748344,0.022788
0.707,0.748344,0.022788
0.708,0.749041,0.022408
0.709,0.750087,0.022408
0.71,0.750436,0.022408
0.711,0.751481,0.022028
0.712,0.751481,0.021269
0.713,0.752527,0.021269
0.714,0.752527,0.021269
0.715,0.752527,0.020889
0.716,0.753224,0.020889
0.717,0.753921,0.020509
0.718,0.75427,0.020509
0.719,0.754618,0.020509
0.72,0.754967,0.020509
0.721,0.754967,0.020509
0.722,0.755664,0.020509
0.723,0.757058,0.020129
0.724,0.757755,0.020129
0.725,0.758104,0.020129
0.726,0.758104,0.020129
0.727,0.758452,0.020129
0.728,0.759847,0.020129
0.729,0.760195,0.020129
0.73,0.760544,0.020129
0.731,0.761589,0.020129
0.732,0.762984,0.019749
0.733,0.764029,0.019749
0.734,0.764378,0.019749
0.735,0.764726,0.01937
0.736,0.765075,0.01937
0.737,0.765772,0.01937
0.738,0.767166,0.01937
0.739,0.767515,0.01937
0.74,0.767863,0.01899
0.741,0.76856,0.01899
0.742,0.769258,0.01861
0.743,0.770303,0.01861
0.744,0.770303,0.01861
0.745,0.771349,0.01861
0.746,0.772046,0.01861
0.747,0.772395,0.01823
0.748,0.772743,0.01823
0.749,0.77344,0.01823
0.75,0.773789,0.01823
0.751,0.774486,0.01823
0.752,0.774834,0.01823
0.753,0.774834,0.01823
0.754,0.775532,0.01823
0.755,0.776577,0.01823
0.756,0.777274,0.01823
0.757,0.777623,0.01785
0.758,0.77832,0.01785
0.759,0.779017,0.01785
0.76,0.779366,0.017471
0.761,0.779714,0.016711
0.762,0.780063,0.016711
0.763,0.780411,0.016711
0.764,0.781108,0.016711
0.765,0.782154,0.016711
0.766,0.782503,0.016711
0.767,0.7832,0.016711
0.768,0.7832,0.016331
0.769,0.783548,0.016331
0.77,0.783897,0.016331
0.771,0.784594,0.016331
0.772,0.784594,0.015951
0.773,0.784594,0.015951
0.774,0.784942,0.015572
0.775,0.785291,0.015572
0.776,0.785291,0.015572
0.777,0.786685,0.015572
0.778,0.787034,0.014812
0.779,0.787382,0.014812
0.78,0.788079,0.014812
0.781,0.788428,0.014812
0.782,0.790868,0.014812
0.783,0.791914,0.013673
0.784,0.792262,0.013673
0.785,0.792611,0.013293
0.786,0.793308,0.012913
0.787,0.793308,0.012913
0.788,0.794005,0.012533
0.789,0.794702,0.012153
0.79,0.795051,0.011774
0.791,0.795399,0.011014
0.792,0.795748,0.010254
0.793,0.795748,0.010254
0.794,0.796096,0.009875
0.795,0.796445,0.009875
0.796,0.79749,0.009495
0.797,0.797839,0.009495
0.798,0.797839,0.009495
0.799,0.798188,0.009495
0.8,0.798536,0.009115
0.801,0.799233,0.009115
0.802,0.799582,0.009115
0.803,0.79993,0.009115
0.804,0.800279,0.009115
0.805,0.800627,0.009115
0.806,0.801673,0.008735
0.807,0.802719,0.008355
0.808,0.802719,0.008355
0.809,0.803067,0.007976
0.81,0.803416,0.007976
0.811,0.803764,0.007976
0.812,0.804461,0.007596
0.813,0.80481,0.007596
0.814,0.805507,0.007596
0.815,0.805507,0.007216
0.816,0.806204,0.007216
0.817,0.806901,0.007216
0.818,0.80725,0.007216
0.819,0.807947,0.007216
0.82,0.808296,0.007216
0.821,0.808296,0.007216
0.822,0.810038,0.007216
0.823,0.810387,0.007216
0.824,0.811433,0.007216
0.825,0.811781,0.007216
0.826,0.81213,0.007216
0.827,0.812478,0.006836
0.828,0.813175,0.006457
0.829,0.81457,0.005317
0.83,0.81457,0.005317
0.831,0.814918,0.005317
0.832,0.816312,0.005317
0.833,0.816312,0.005317
0.834,0.817009,0.005317
0.835,0.817707,0.005317
0.836,0.818752,0.005317
0.837,0.820146,0.005317
0.838,0.820843,0.005317
0.839,0.820843,0.005317
0.84,0.821541,0.004937
0.841,0.821541,0.004937
0.842,0.822586,0.004937
0.843,0.822935,0.004937
0.844,0.823283,0.004937
0.845,0.82398,0.004937
0.846,0.824678,0.004937
0.847,0.824678,0.004937
0.848,0.825026,0.004937
0.849,0.825026,0.004937
0.85,0.825723,0.004937
0.851,0.825723,0.004558
0.852,0.825723,0.004558
0.853,0.826072,0.004558
0.854,0.826769,0.004558
0.855,0.827466,0.004558
0.856,0.828512,0.004558
0.857,0.828512,0.004558
0.858,0.82886,0.004558
0.859,0.829557,0.004558
0.86,0.8313,0.004558
0.861,0.831649,0.004558
0.862,0.832694,0.004558
0.863,0.833391,0.004558
0.864,0.83374,0.004558
0.865,0.83374,0.004558
0.866,0.834437,0.004558
0.867,0.835134,0.004558
0.868,0.835831,0.004558
0.869,0.836528,0.004558
0.87,0.837226,0.004558
0.871,0.837574,0.004558
0.872,0.840014,0.004558
0.873,0.840711,0.004558
0.874,0.841408,0.004558
0.875,0.841408,0.004558
0.876,0.842105,0.004558
0.877,0.842454,0.004178
0.878,0.842802,0.004178
0.879,0.843848,0.004178
0.88,0.843848,0.004178
0.881,0.844894,0.004178
0.882,0.845591,0.004178
0.883,0.846636,0.003798
0.884,0.846985,0.003798
0.885,0.848379,0.003798
0.886,0.849425,0.003798
0.887,0.850471,0.003798
0.888,0.850471,0.003798
0.889,0.850819,0.003798
0.89,0.851168,0.003798
0.891,0.851865,0.003798
0.892,0.852213,0.003418
0.893,0.85291,0.003418
0.894,0.853608,0.003418
0.895,0.854653,0.003418
0.896,0.855002,0.003418
0.897,0.856047,0.002659
0.898,0.857093,0.002659
0.899,0.858487,0.002279
0.9,0.858836,0.002279
0.901,0.859533,0.002279
0.902,0.859881,0.002279
0.903,0.86023,0.002279
0.904,0.861276,0.002279
0.905,0.861973,0.002279
0.906,0.863018,0.002279
0.907,0.864064,0.002279
0.908,0.86511,0.002279
0.909,0.866504,0.002279
0.91,0.86755,0.002279
0.911,0.86755,0.002279
0.912,0.868247,0.002279
0.913,0.869641,0.002279
0.914,0.871035,0.002279
0.915,0.871035,0.002279
0.916,0.872429,0.002279
0.917,0.873475,0.001899
0.918,0.874521,0.001899
0.919,0.875218,0.001899
0.92,0.875218,0.001899
0.921,0.876264,0.001899
0.922,0.876961,0.001899
0.923,0.878355,0.001899
0.924,0.8794,0.001899
0.925,0.879749,0.001899
0.926,0.880446,0.001899
0.927,0.88184,0.001899
0.928,0.882537,0.001899
0.929,0.88428,0.001899
0.93,0.885326,0.001899
0.931,0.885326,0.001899
0.932,0.885326,0.001899
0.933,0.887069,0.001519
0.934,0.887766,0.001519
0.935,0.888811,0.001139
0.936,0.888811,0.001139
0.937,0.889509,0.001139
0.938,0.890206,0.001139
0.939,0.890903,0.001139
0.94,0.8916,0.001139
0.941,0.891948,0.001139
0.942,0.892297,0.001139
0.943,0.893343,0.00076
0.944,0.89404,0.00076
0.945,0.895434,0.00076
0.946,0.895783,0.00076
0.947,0.897177,0.00076
0.948,0.897525,0.00038
0.949,0.898222,0.00038
0.95,0.899617,0.00038
0.951,0.900662,0.00038
0.952,0.901359,0.00038
0.953,0.902056,0.00038
0.954,0.902754,0.00038
0.955,0.905193,0.00038
0.956,0.907633,0.00038
0.957,0.907982,0.00038
0.958,0.907982,0.00038
0.959,0.908679,0.00038
0.96,0.910422,0.00038
0.961,0.912165,0.00038
0.962,0.912513,0.00038
0.963,0.913559,0.00038
0.964,0.914256,0.00038
0.965,0.914953,0.00038
0.966,0.91565,0.00038
0.967,0.91809,0.00038
0.968,0.919136,0.00038
0.969,0.919833,0.00038
0.97,0.920181,0.00038
0.971,0.921227,0.0
0.972,0.921575,0.0
0.973,0.92297,0.0
0.974,0.92541,0.0
0.975,0.925758,0.0
0.976,0.926455,0.0
0.977,0.926804,0.0
0.978,0.928198,0.0
0.979,0.929592,0.0
0.98,0.930986,0.0
0.981,0.932729,0.0
0.982,0.934123,0.0
0.983,0.935866,0.0
0.984,0.937957,0.0
0.985,0.940049,0.0
0.986,0.942837,0.0
0.987,0.944231,0.0
0.988,0.947368,0.0
0.989,0.948066,0.0
0.99,0.948763,0.0
0.991,0.949808,0.0
0.992,0.952248,0.0
0.993,0.953991,0.0
0.994,0.956431,0.0
0.995,0.958871,0.0
0.996,0.962705,0.0
0.997,0.968282,0.0
0.998,0.974556,0.0
0.999,0.98083,0.0
1,1.0,0.0
