sample_id,dataset,label,detector_name,modality,fake_score,score_type,inference_time_ms,window_start_sec,window_end_sec,status,error_message
00170,Celeb-DF-v2,0,SBI,visual,0.642139,probability,1932.6,N/A,N/A,ok,
00208,Celeb-DF-v2,0,SBI,visual,0.396655,probability,1568.6,N/A,N/A,ok,
00063,Celeb-DF-v2,0,SBI,visual,0.767897,probability,1320.4,N/A,N/A,ok,
00024,Celeb-DF-v2,0,SBI,visual,0.195749,probability,1569.5,N/A,N/A,ok,
00021,Celeb-DF-v2,0,SBI,visual,0.154593,probability,1179.3,N/A,N/A,ok,
00036,Celeb-DF-v2,0,SBI,visual,0.323984,probability,1175.4,N/A,N/A,ok,
00202,Celeb-DF-v2,0,SBI,visual,0.544508,probability,1109.1,N/A,N/A,ok,
00236,Celeb-DF-v2,0,SBI,visual,0.220218,probability,1087.6,N/A,N/A,ok,
00197,Celeb-DF-v2,0,SBI,visual,0.209065,probability,1106.9,N/A,N/A,ok,
00133,Celeb-DF-v2,0,SBI,visual,0.26973,probability,1336.9,N/A,N/A,ok,
00213,Celeb-DF-v2,0,SBI,visual,0.185889,probability,2116.4,N/A,N/A,ok,
00011,Celeb-DF-v2,0,SBI,visual,0.916312,probability,1621.9,N/A,N/A,ok,
00095,Celeb-DF-v2,0,SBI,visual,0.667903,probability,1936.4,N/A,N/A,ok,
00138,Celeb-DF-v2,0,SBI,visual,0.623624,probability,1465.4,N/A,N/A,ok,
00106,Celeb-DF-v2,0,SBI,visual,0.415751,probability,1221.0,N/A,N/A,ok,
00194,Celeb-DF-v2,0,SBI,visual,0.053384,probability,1523.6,N/A,N/A,ok,
00092,Celeb-DF-v2,0,SBI,visual,0.684152,probability,1131.5,N/A,N/A,ok,
00227,Celeb-DF-v2,0,SBI,visual,0.406167,probability,1633.2,N/A,N/A,ok,
00244,Celeb-DF-v2,0,SBI,visual,0.760275,probability,1818.2,N/A,N/A,ok,
00119,Celeb-DF-v2,0,SBI,visual,0.77183,probability,1157.7,N/A,N/A,ok,
00082,Celeb-DF-v2,0,SBI,visual,0.793957,probability,1150.1,N/A,N/A,ok,
00188,Celeb-DF-v2,0,SBI,visual,0.208291,probability,1196.8,N/A,N/A,ok,
00076,Celeb-DF-v2,0,SBI,visual,0.151078,probability,1724.9,N/A,N/A,ok,
00047,Celeb-DF-v2,0,SBI,visual,0.876182,probability,1360.7,N/A,N/A,ok,
00168,Celeb-DF-v2,0,SBI,visual,0.540972,probability,5892.1,N/A,N/A,ok,
00207,Celeb-DF-v2,0,SBI,visual,0.270779,probability,20717.0,N/A,N/A,ok,
00193,Celeb-DF-v2,0,SBI,visual,0.309766,probability,15348.5,N/A,N/A,ok,
00061,Celeb-DF-v2,0,SBI,visual,0.337259,probability,1835.2,N/A,N/A,ok,
00023,Celeb-DF-v2,0,SBI,visual,0.61262,probability,1116.5,N/A,N/A,ok,
00048,Celeb-DF-v2,0,SBI,visual,0.199483,probability,1096.9,N/A,N/A,ok,
00250,Celeb-DF-v2,0,SBI,visual,0.43455,probability,1091.9,N/A,N/A,ok,
00251,Celeb-DF-v2,0,SBI,visual,0.402734,probability,1066.8,N/A,N/A,ok,
00252,Celeb-DF-v2,0,SBI,visual,0.123223,probability,1089.4,N/A,N/A,ok,
00253,Celeb-DF-v2,0,SBI,visual,0.7904,probability,2273.9,N/A,N/A,ok,
00254,Celeb-DF-v2,0,SBI,visual,0.483932,probability,3168.7,N/A,N/A,ok,
00255,Celeb-DF-v2,0,SBI,visual,0.06516,probability,1136.1,N/A,N/A,ok,
00256,Celeb-DF-v2,0,SBI,visual,0.605486,probability,1111.7,N/A,N/A,ok,
00257,Celeb-DF-v2,0,SBI,visual,0.489383,probability,1094.0,N/A,N/A,ok,
00258,Celeb-DF-v2,0,SBI,visual,0.034626,probability,1087.0,N/A,N/A,ok,
00259,Celeb-DF-v2,0,SBI,visual,0.545492,probability,1081.3,N/A,N/A,ok,
00260,Celeb-DF-v2,0,SBI,visual,0.136241,probability,1164.0,N/A,N/A,ok,
00261,Celeb-DF-v2,0,SBI,visual,0.550534,probability,1104.6,N/A,N/A,ok,
00262,Celeb-DF-v2,0,SBI,visual,0.076696,probability,1096.3,N/A,N/A,ok,
00263,Celeb-DF-v2,0,SBI,visual,0.564517,probability,1125.2,N/A,N/A,ok,
00264,Celeb-DF-v2,0,SBI,visual,0.731874,probability,1084.3,N/A,N/A,ok,
00265,Celeb-DF-v2,0,SBI,visual,0.146565,probability,1131.8,N/A,N/A,ok,
00266,Celeb-DF-v2,0,SBI,visual,0.590225,probability,1079.4,N/A,N/A,ok,
00267,Celeb-DF-v2,0,SBI,visual,0.406395,probability,1064.8,N/A,N/A,ok,
00268,Celeb-DF-v2,0,SBI,visual,0.140129,probability,1136.9,N/A,N/A,ok,
00269,Celeb-DF-v2,0,SBI,visual,0.79178,probability,1124.6,N/A,N/A,ok,
00270,Celeb-DF-v2,0,SBI,visual,0.464476,probability,1125.4,N/A,N/A,ok,
00271,Celeb-DF-v2,0,SBI,visual,0.576469,probability,1190.1,N/A,N/A,ok,
00272,Celeb-DF-v2,0,SBI,visual,0.079803,probability,1229.8,N/A,N/A,ok,
00273,Celeb-DF-v2,0,SBI,visual,0.353295,probability,1126.3,N/A,N/A,ok,
00274,Celeb-DF-v2,0,SBI,visual,0.230393,probability,1087.8,N/A,N/A,ok,
00275,Celeb-DF-v2,0,SBI,visual,0.402721,probability,1067.6,N/A,N/A,ok,
00276,Celeb-DF-v2,0,SBI,visual,0.207781,probability,1391.1,N/A,N/A,ok,
00277,Celeb-DF-v2,0,SBI,visual,0.451073,probability,1052.5,N/A,N/A,ok,
00278,Celeb-DF-v2,0,SBI,visual,0.171718,probability,1093.4,N/A,N/A,ok,
00279,Celeb-DF-v2,0,SBI,visual,0.426454,probability,1097.6,N/A,N/A,ok,
00280,Celeb-DF-v2,0,SBI,visual,0.424899,probability,1138.6,N/A,N/A,ok,
00281,Celeb-DF-v2,0,SBI,visual,0.678568,probability,1086.7,N/A,N/A,ok,
00282,Celeb-DF-v2,0,SBI,visual,0.694569,probability,1046.2,N/A,N/A,ok,
00283,Celeb-DF-v2,0,SBI,visual,0.551173,probability,1081.0,N/A,N/A,ok,
00284,Celeb-DF-v2,0,SBI,visual,0.501503,probability,1051.2,N/A,N/A,ok,
00285,Celeb-DF-v2,0,SBI,visual,0.627568,probability,1450.5,N/A,N/A,ok,
00286,Celeb-DF-v2,0,SBI,visual,0.493815,probability,1028.9,N/A,N/A,ok,
00287,Celeb-DF-v2,0,SBI,visual,0.336558,probability,2432.2,N/A,N/A,ok,
00288,Celeb-DF-v2,0,SBI,visual,0.30135,probability,1257.5,N/A,N/A,ok,
00289,Celeb-DF-v2,0,SBI,visual,0.555823,probability,1129.0,N/A,N/A,ok,
id1_0007,Celeb-DF-v2,0,SBI,visual,0.411446,probability,1161.2,N/A,N/A,ok,
id2_0008,Celeb-DF-v2,0,SBI,visual,0.111652,probability,1165.2,N/A,N/A,ok,
id3_0001,Celeb-DF-v2,0,SBI,visual,0.012461,probability,1294.9,N/A,N/A,ok,
id6_0005,Celeb-DF-v2,0,SBI,visual,0.380175,probability,1196.2,N/A,N/A,ok,
id9_0000,Celeb-DF-v2,0,SBI,visual,0.071019,probability,1174.0,N/A,N/A,ok,
id11_0008,Celeb-DF-v2,0,SBI,visual,0.618182,probability,1123.0,N/A,N/A,ok,
id16_0011,Celeb-DF-v2,0,SBI,visual,0.339603,probability,1092.3,N/A,N/A,ok,
id17_0000,Celeb-DF-v2,0,SBI,visual,0.333926,probability,1160.4,N/A,N/A,ok,
id35_0008,Celeb-DF-v2,0,SBI,visual,0.235632,probability,1377.2,N/A,N/A,ok,
id39_0005,Celeb-DF-v2,0,SBI,visual,0.271936,probability,2622.2,N/A,N/A,ok,
id48_0000,Celeb-DF-v2,0,SBI,visual,0.623524,probability,1649.8,N/A,N/A,ok,
id32_0008,Celeb-DF-v2,0,SBI,visual,0.024276,probability,1270.9,N/A,N/A,ok,
id56_0009,Celeb-DF-v2,0,SBI,visual,0.586773,probability,2125.4,N/A,N/A,ok,
id54_0007,Celeb-DF-v2,0,SBI,visual,0.219461,probability,1259.0,N/A,N/A,ok,
id37_0005,Celeb-DF-v2,0,SBI,visual,0.289489,probability,1100.0,N/A,N/A,ok,
id29_0008,Celeb-DF-v2,0,SBI,visual,0.154511,probability,1157.2,N/A,N/A,ok,
id43_0006,Celeb-DF-v2,0,SBI,visual,0.377045,probability,1220.5,N/A,N/A,ok,
id1_0006,Celeb-DF-v2,0,SBI,visual,0.22061,probability,1238.2,N/A,N/A,ok,
id51_0001,Celeb-DF-v2,0,SBI,visual,0.882649,probability,1198.2,N/A,N/A,ok,
id31_0007,Celeb-DF-v2,0,SBI,visual,0.119977,probability,1238.4,N/A,N/A,ok,
id2_0003,Celeb-DF-v2,0,SBI,visual,0.082634,probability,1214.8,N/A,N/A,ok,
id21_0009,Celeb-DF-v2,0,SBI,visual,0.209458,probability,1288.0,N/A,N/A,ok,
id50_0003,Celeb-DF-v2,0,SBI,visual,0.271277,probability,1136.6,N/A,N/A,ok,
id21_0006,Celeb-DF-v2,0,SBI,visual,0.187307,probability,1275.2,N/A,N/A,ok,
id44_0003,Celeb-DF-v2,0,SBI,visual,0.066354,probability,1331.4,N/A,N/A,ok,
id36_0006,Celeb-DF-v2,0,SBI,visual,0.149362,probability,1109.9,N/A,N/A,ok,
id36_0008,Celeb-DF-v2,0,SBI,visual,0.151242,probability,1095.4,N/A,N/A,ok,
id1_0008,Celeb-DF-v2,0,SBI,visual,0.195732,probability,31819.2,N/A,N/A,ok,
id45_0003,Celeb-DF-v2,0,SBI,visual,0.315914,probability,43269.5,N/A,N/A,ok,
id48_0003,Celeb-DF-v2,0,SBI,visual,0.811904,probability,6467.1,N/A,N/A,ok,
id23_0001,Celeb-DF-v2,0,SBI,visual,0.332973,probability,24068.9,N/A,N/A,ok,
id16_0010,Celeb-DF-v2,0,SBI,visual,0.112205,probability,2227.0,N/A,N/A,ok,
id31_0004,Celeb-DF-v2,0,SBI,visual,0.639233,probability,1145.8,N/A,N/A,ok,
id35_0000,Celeb-DF-v2,0,SBI,visual,0.332666,probability,1093.6,N/A,N/A,ok,
id58_0002,Celeb-DF-v2,0,SBI,visual,0.189014,probability,1079.3,N/A,N/A,ok,
id30_0007,Celeb-DF-v2,0,SBI,visual,0.167905,probability,1153.9,N/A,N/A,ok,
id12_0005,Celeb-DF-v2,0,SBI,visual,0.075894,probability,1121.8,N/A,N/A,ok,
id56_0002,Celeb-DF-v2,0,SBI,visual,0.335184,probability,1092.0,N/A,N/A,ok,
id33_0005,Celeb-DF-v2,0,SBI,visual,0.251503,probability,1134.2,N/A,N/A,ok,
id29_0009,Celeb-DF-v2,0,SBI,visual,0.098221,probability,1128.1,N/A,N/A,ok,
id13_0013,Celeb-DF-v2,0,SBI,visual,0.539525,probability,1073.0,N/A,N/A,ok,
id28_0009,Celeb-DF-v2,0,SBI,visual,0.350937,probability,1064.6,N/A,N/A,ok,
id36_0000,Celeb-DF-v2,0,SBI,visual,0.079246,probability,1252.2,N/A,N/A,ok,
id24_0009,Celeb-DF-v2,0,SBI,visual,0.782961,probability,5155.1,N/A,N/A,ok,
id39_0004,Celeb-DF-v2,0,SBI,visual,0.257414,probability,1785.0,N/A,N/A,ok,
id27_0008,Celeb-DF-v2,0,SBI,visual,0.598157,probability,1626.7,N/A,N/A,ok,
id11_0006,Celeb-DF-v2,0,SBI,visual,0.542951,probability,1090.7,N/A,N/A,ok,
id19_0007,Celeb-DF-v2,0,SBI,visual,0.657663,probability,1064.8,N/A,N/A,ok,
id37_0009,Celeb-DF-v2,0,SBI,visual,0.373634,probability,1074.8,N/A,N/A,ok,
id3_0008,Celeb-DF-v2,0,SBI,visual,0.21558,probability,1108.5,N/A,N/A,ok,
id46_0000,Celeb-DF-v2,0,SBI,visual,0.891664,probability,1096.3,N/A,N/A,ok,
id33_0008,Celeb-DF-v2,0,SBI,visual,0.0339,probability,1070.1,N/A,N/A,ok,
id8_0000,Celeb-DF-v2,0,SBI,visual,0.234586,probability,1105.0,N/A,N/A,ok,
id16_0007,Celeb-DF-v2,0,SBI,visual,0.400745,probability,1300.1,N/A,N/A,ok,
id1_0001,Celeb-DF-v2,0,SBI,visual,0.095304,probability,1104.5,N/A,N/A,ok,
id32_0002,Celeb-DF-v2,0,SBI,visual,0.306218,probability,1278.4,N/A,N/A,ok,
id19_0005,Celeb-DF-v2,0,SBI,visual,0.540931,probability,1176.2,N/A,N/A,ok,
id27_0009,Celeb-DF-v2,0,SBI,visual,0.169183,probability,1152.7,N/A,N/A,ok,
id2_0001,Celeb-DF-v2,0,SBI,visual,0.055374,probability,1089.3,N/A,N/A,ok,
id13_0011,Celeb-DF-v2,0,SBI,visual,0.158674,probability,1067.3,N/A,N/A,ok,
id49_0004,Celeb-DF-v2,0,SBI,visual,0.662341,probability,1092.4,N/A,N/A,ok,
id57_0007,Celeb-DF-v2,0,SBI,visual,0.553234,probability,1184.7,N/A,N/A,ok,
id26_0008,Celeb-DF-v2,0,SBI,visual,0.407075,probability,1202.0,N/A,N/A,ok,
id2_0004,Celeb-DF-v2,0,SBI,visual,0.591586,probability,1112.2,N/A,N/A,ok,
id36_0001,Celeb-DF-v2,0,SBI,visual,0.152172,probability,1138.3,N/A,N/A,ok,
id0_0001,Celeb-DF-v2,0,SBI,visual,0.162889,probability,1110.5,N/A,N/A,ok,
id10_0007,Celeb-DF-v2,0,SBI,visual,0.502883,probability,1079.6,N/A,N/A,ok,
id17_0002,Celeb-DF-v2,0,SBI,visual,0.623182,probability,1287.8,N/A,N/A,ok,
id4_0004,Celeb-DF-v2,0,SBI,visual,0.069389,probability,1060.2,N/A,N/A,ok,
id36_0002,Celeb-DF-v2,0,SBI,visual,0.101719,probability,1034.0,N/A,N/A,ok,
id53_0003,Celeb-DF-v2,0,SBI,visual,0.263643,probability,1094.9,N/A,N/A,ok,
id25_0010,Celeb-DF-v2,0,SBI,visual,0.203294,probability,1137.5,N/A,N/A,ok,
id51_0006,Celeb-DF-v2,0,SBI,visual,0.507144,probability,1109.3,N/A,N/A,ok,
id22_0000,Celeb-DF-v2,0,SBI,visual,0.332479,probability,1136.8,N/A,N/A,ok,
id10_0001,Celeb-DF-v2,0,SBI,visual,0.651047,probability,860.5,N/A,N/A,ok,
id6_0002,Celeb-DF-v2,0,SBI,visual,0.556818,probability,2679.9,N/A,N/A,ok,
id12_0000,Celeb-DF-v2,0,SBI,visual,0.640754,probability,1746.9,N/A,N/A,ok,
id35_0003,Celeb-DF-v2,0,SBI,visual,0.080215,probability,1195.1,N/A,N/A,ok,
id3_0002,Celeb-DF-v2,0,SBI,visual,0.188728,probability,1147.1,N/A,N/A,ok,
id31_0003,Celeb-DF-v2,0,SBI,visual,0.710492,probability,1192.1,N/A,N/A,ok,
id52_0002,Celeb-DF-v2,0,SBI,visual,0.413908,probability,1144.4,N/A,N/A,ok,
id2_0002,Celeb-DF-v2,0,SBI,visual,0.487847,probability,1131.9,N/A,N/A,ok,
id44_0001,Celeb-DF-v2,0,SBI,visual,0.603091,probability,1095.3,N/A,N/A,ok,
id8_0009,Celeb-DF-v2,0,SBI,visual,0.213286,probability,1071.2,N/A,N/A,ok,
id33_0002,Celeb-DF-v2,0,SBI,visual,0.366593,probability,1134.2,N/A,N/A,ok,
id50_0000,Celeb-DF-v2,0,SBI,visual,0.269831,probability,1099.3,N/A,N/A,ok,
id40_0003,Celeb-DF-v2,0,SBI,visual,0.839517,probability,1075.3,N/A,N/A,ok,
id7_0006,Celeb-DF-v2,0,SBI,visual,0.176199,probability,1088.6,N/A,N/A,ok,
id53_0007,Celeb-DF-v2,0,SBI,visual,0.288889,probability,1252.8,N/A,N/A,ok,
id43_0002,Celeb-DF-v2,0,SBI,visual,0.487144,probability,1527.4,N/A,N/A,ok,
id56_0000,Celeb-DF-v2,0,SBI,visual,0.704565,probability,1157.8,N/A,N/A,ok,
id13_0004,Celeb-DF-v2,0,SBI,visual,0.030532,probability,1173.3,N/A,N/A,ok,
id43_0001,Celeb-DF-v2,0,SBI,visual,0.224718,probability,1158.1,N/A,N/A,ok,
id20_0008,Celeb-DF-v2,0,SBI,visual,0.550123,probability,1143.8,N/A,N/A,ok,
id28_0004,Celeb-DF-v2,0,SBI,visual,0.285562,probability,1114.2,N/A,N/A,ok,
id22_0009,Celeb-DF-v2,0,SBI,visual,0.224834,probability,1166.6,N/A,N/A,ok,
id53_0000,Celeb-DF-v2,0,SBI,visual,0.827385,probability,1185.4,N/A,N/A,ok,
id50_0006,Celeb-DF-v2,0,SBI,visual,0.171991,probability,1196.6,N/A,N/A,ok,
id32_0003,Celeb-DF-v2,0,SBI,visual,0.119861,probability,1133.9,N/A,N/A,ok,
id32_0006,Celeb-DF-v2,0,SBI,visual,0.636365,probability,1102.1,N/A,N/A,ok,
id57_0003,Celeb-DF-v2,0,SBI,visual,0.378237,probability,1206.6,N/A,N/A,ok,
id37_0004,Celeb-DF-v2,0,SBI,visual,0.702398,probability,1100.1,N/A,N/A,ok,
id28_0007,Celeb-DF-v2,0,SBI,visual,0.554211,probability,1120.2,N/A,N/A,ok,
id52_0001,Celeb-DF-v2,0,SBI,visual,0.561159,probability,1151.2,N/A,N/A,ok,
id40_0009,Celeb-DF-v2,0,SBI,visual,0.785587,probability,1120.8,N/A,N/A,ok,
id51_0005,Celeb-DF-v2,0,SBI,visual,0.678775,probability,1102.7,N/A,N/A,ok,
id34_0006,Celeb-DF-v2,0,SBI,visual,0.330913,probability,1090.5,N/A,N/A,ok,
id42_0002,Celeb-DF-v2,0,SBI,visual,0.527824,probability,1309.3,N/A,N/A,ok,
id1_id0_0007,Celeb-DF-v2,1,SBI,visual,0.981855,probability,1283.1,N/A,N/A,ok,
id1_id3_0007,Celeb-DF-v2,1,SBI,visual,0.992599,probability,1108.9,N/A,N/A,ok,
id1_id4_0007,Celeb-DF-v2,1,SBI,visual,0.998061,probability,1106.9,N/A,N/A,ok,
id1_id9_0007,Celeb-DF-v2,1,SBI,visual,0.9648,probability,1092.8,N/A,N/A,ok,
id1_id16_0007,Celeb-DF-v2,1,SBI,visual,0.996838,probability,1084.3,N/A,N/A,ok,
id1_id17_0007,Celeb-DF-v2,1,SBI,visual,0.952024,probability,1098.8,N/A,N/A,ok,
id2_id0_0008,Celeb-DF-v2,1,SBI,visual,0.960438,probability,1063.1,N/A,N/A,ok,
id2_id3_0008,Celeb-DF-v2,1,SBI,visual,0.78458,probability,1069.0,N/A,N/A,ok,
id2_id9_0008,Celeb-DF-v2,1,SBI,visual,0.86894,probability,1073.7,N/A,N/A,ok,
id3_id1_0001,Celeb-DF-v2,1,SBI,visual,0.547012,probability,1101.5,N/A,N/A,ok,
id3_id2_0001,Celeb-DF-v2,1,SBI,visual,0.824758,probability,1163.1,N/A,N/A,ok,
id3_id4_0001,Celeb-DF-v2,1,SBI,visual,0.927519,probability,1114.1,N/A,N/A,ok,
id3_id6_0001,Celeb-DF-v2,1,SBI,visual,0.446562,probability,1131.8,N/A,N/A,ok,
id3_id9_0001,Celeb-DF-v2,1,SBI,visual,0.387672,probability,1128.3,N/A,N/A,ok,
id3_id16_0001,Celeb-DF-v2,1,SBI,visual,0.703301,probability,1105.6,N/A,N/A,ok,
id4_id1_0003,Celeb-DF-v2,1,SBI,visual,0.575539,probability,1103.0,N/A,N/A,ok,
id6_id0_0005,Celeb-DF-v2,1,SBI,visual,0.888563,probability,1101.9,N/A,N/A,ok,
id6_id1_0005,Celeb-DF-v2,1,SBI,visual,0.81727,probability,1101.1,N/A,N/A,ok,
id6_id2_0005,Celeb-DF-v2,1,SBI,visual,0.791663,probability,1093.5,N/A,N/A,ok,
id6_id3_0005,Celeb-DF-v2,1,SBI,visual,0.697276,probability,1083.6,N/A,N/A,ok,
id6_id16_0005,Celeb-DF-v2,1,SBI,visual,0.894973,probability,1107.5,N/A,N/A,ok,
id7_id10_0009,Celeb-DF-v2,1,SBI,visual,0.90754,probability,1111.4,N/A,N/A,ok,
id7_id11_0009,Celeb-DF-v2,1,SBI,visual,0.925893,probability,1173.8,N/A,N/A,ok,
id7_id13_0009,Celeb-DF-v2,1,SBI,visual,0.821291,probability,1233.5,N/A,N/A,ok,
id9_id0_0000,Celeb-DF-v2,1,SBI,visual,0.922371,probability,1268.9,N/A,N/A,ok,
id9_id1_0000,Celeb-DF-v2,1,SBI,visual,0.808307,probability,1248.6,N/A,N/A,ok,
id9_id2_0000,Celeb-DF-v2,1,SBI,visual,0.327265,probability,1212.1,N/A,N/A,ok,
id9_id3_0000,Celeb-DF-v2,1,SBI,visual,0.731947,probability,1235.1,N/A,N/A,ok,
id9_id6_0000,Celeb-DF-v2,1,SBI,visual,0.486163,probability,1076.3,N/A,N/A,ok,
id9_id16_0000,Celeb-DF-v2,1,SBI,visual,0.917736,probability,1161.3,N/A,N/A,ok,
id10_id7_0004,Celeb-DF-v2,1,SBI,visual,0.950883,probability,1295.1,N/A,N/A,ok,
id10_id11_0004,Celeb-DF-v2,1,SBI,visual,0.93686,probability,1372.1,N/A,N/A,ok,
id10_id12_0004,Celeb-DF-v2,1,SBI,visual,0.980483,probability,1309.2,N/A,N/A,ok,
id10_id13_0004,Celeb-DF-v2,1,SBI,visual,0.899857,probability,1223.5,N/A,N/A,ok,
id10_id7_0001,Celeb-DF-v2,1,SBI,visual,0.954924,probability,6626.8,N/A,N/A,ok,
id10_id11_0001,Celeb-DF-v2,1,SBI,visual,0.709998,probability,45679.6,N/A,N/A,ok,
id10_id12_0001,Celeb-DF-v2,1,SBI,visual,0.973388,probability,24589.0,N/A,N/A,ok,
id10_id13_0001,Celeb-DF-v2,1,SBI,visual,0.872602,probability,33454.5,N/A,N/A,ok,
id11_id7_0008,Celeb-DF-v2,1,SBI,visual,0.871143,probability,42065.0,N/A,N/A,ok,
id16_id0_0011,Celeb-DF-v2,1,SBI,visual,0.514133,probability,4069.6,N/A,N/A,ok,
id16_id1_0011,Celeb-DF-v2,1,SBI,visual,0.418615,probability,1128.2,N/A,N/A,ok,
id16_id2_0011,Celeb-DF-v2,1,SBI,visual,0.789495,probability,1054.6,N/A,N/A,ok,
id16_id3_0011,Celeb-DF-v2,1,SBI,visual,0.52915,probability,1069.6,N/A,N/A,ok,
id16_id6_0011,Celeb-DF-v2,1,SBI,visual,0.666331,probability,1063.0,N/A,N/A,ok,
id17_id0_0000,Celeb-DF-v2,1,SBI,visual,0.966062,probability,1070.7,N/A,N/A,ok,
id17_id1_0000,Celeb-DF-v2,1,SBI,visual,0.443017,probability,1066.4,N/A,N/A,ok,
id17_id2_0000,Celeb-DF-v2,1,SBI,visual,0.95173,probability,1072.7,N/A,N/A,ok,
id17_id3_0000,Celeb-DF-v2,1,SBI,visual,0.686945,probability,1087.2,N/A,N/A,ok,
id17_id6_0000,Celeb-DF-v2,1,SBI,visual,0.962634,probability,1056.8,N/A,N/A,ok,
id17_id9_0000,Celeb-DF-v2,1,SBI,visual,0.736508,probability,1080.3,N/A,N/A,ok,
id17_id16_0000,Celeb-DF-v2,1,SBI,visual,0.987025,probability,1088.2,N/A,N/A,ok,
id16_id20_0000,Celeb-DF-v2,1,SBI,visual,0.716249,probability,1066.8,N/A,N/A,ok,
id17_id23_0000,Celeb-DF-v2,1,SBI,visual,0.971658,probability,1086.2,N/A,N/A,ok,
id3_id28_0001,Celeb-DF-v2,1,SBI,visual,0.50603,probability,1067.6,N/A,N/A,ok,
id35_id32_0007,Celeb-DF-v2,1,SBI,visual,0.348719,probability,1060.6,N/A,N/A,ok,
id30_id26_0004,Celeb-DF-v2,1,SBI,visual,0.615007,probability,16420.0,N/A,N/A,ok,
id16_id20_0006,Celeb-DF-v2,1,SBI,visual,0.620752,probability,11843.8,N/A,N/A,ok,
id4_id20_0001,Celeb-DF-v2,1,SBI,visual,0.535658,probability,3061.6,N/A,N/A,ok,
id26_id3_0002,Celeb-DF-v2,1,SBI,visual,0.345512,probability,1090.5,N/A,N/A,ok,
id20_id31_0006,Celeb-DF-v2,1,SBI,visual,0.8637,probability,1111.1,N/A,N/A,ok,
id6_id23_0001,Celeb-DF-v2,1,SBI,visual,0.861572,probability,1097.4,N/A,N/A,ok,
id9_id23_0009,Celeb-DF-v2,1,SBI,visual,0.569011,probability,1090.0,N/A,N/A,ok,
id32_id33_0002,Celeb-DF-v2,1,SBI,visual,0.703871,probability,1074.5,N/A,N/A,ok,
id16_id20_0012,Celeb-DF-v2,1,SBI,visual,0.870451,probability,1072.4,N/A,N/A,ok,
id29_id30_0000,Celeb-DF-v2,1,SBI,visual,0.358584,probability,1091.0,N/A,N/A,ok,
id3_id20_0008,Celeb-DF-v2,1,SBI,visual,0.904767,probability,1121.6,N/A,N/A,ok,
id22_id27_0001,Celeb-DF-v2,1,SBI,visual,0.715069,probability,1129.1,N/A,N/A,ok,
id27_id21_0002,Celeb-DF-v2,1,SBI,visual,0.633902,probability,1114.0,N/A,N/A,ok,
id29_id35_0000,Celeb-DF-v2,1,SBI,visual,0.443544,probability,1108.5,N/A,N/A,ok,
id21_id19_0005,Celeb-DF-v2,1,SBI,visual,0.20269,probability,1202.3,N/A,N/A,ok,
id23_id26_0003,Celeb-DF-v2,1,SBI,visual,0.489047,probability,1159.4,N/A,N/A,ok,
id30_id35_0009,Celeb-DF-v2,1,SBI,visual,0.536651,probability,1139.6,N/A,N/A,ok,
id9_id26_0000,Celeb-DF-v2,1,SBI,visual,0.64919,probability,1104.7,N/A,N/A,ok,
id33_id32_0006,Celeb-DF-v2,1,SBI,visual,0.101572,probability,1129.6,N/A,N/A,ok,
id30_id34_0003,Celeb-DF-v2,1,SBI,visual,0.42322,probability,1131.2,N/A,N/A,ok,
id29_id37_0008,Celeb-DF-v2,1,SBI,visual,0.48252,probability,1120.7,N/A,N/A,ok,
id35_id31_0006,Celeb-DF-v2,1,SBI,visual,0.979097,probability,1117.7,N/A,N/A,ok,
id37_id34_0008,Celeb-DF-v2,1,SBI,visual,0.88185,probability,1082.2,N/A,N/A,ok,
id26_id16_0001,Celeb-DF-v2,1,SBI,visual,0.821404,probability,1097.4,N/A,N/A,ok,
id17_id23_0009,Celeb-DF-v2,1,SBI,visual,0.876835,probability,1136.5,N/A,N/A,ok,
id6_id20_0007,Celeb-DF-v2,1,SBI,visual,0.399975,probability,1095.9,N/A,N/A,ok,
id1_id20_0001,Celeb-DF-v2,1,SBI,visual,0.710428,probability,1087.9,N/A,N/A,ok,
id1_id23_0006,Celeb-DF-v2,1,SBI,visual,0.983403,probability,1082.2,N/A,N/A,ok,
id37_id35_0001,Celeb-DF-v2,1,SBI,visual,0.834571,probability,1114.9,N/A,N/A,ok,
id4_id23_0006,Celeb-DF-v2,1,SBI,visual,0.51264,probability,1313.8,N/A,N/A,ok,
id17_id26_0006,Celeb-DF-v2,1,SBI,visual,0.900396,probability,1115.3,N/A,N/A,ok,
id20_id1_0007,Celeb-DF-v2,1,SBI,visual,0.818555,probability,1125.2,N/A,N/A,ok,
id0_id26_0009,Celeb-DF-v2,1,SBI,visual,0.534986,probability,1122.3,N/A,N/A,ok,
id38_id33_0005,Celeb-DF-v2,1,SBI,visual,0.867403,probability,1145.2,N/A,N/A,ok,
id28_id35_0008,Celeb-DF-v2,1,SBI,visual,0.88549,probability,1104.2,N/A,N/A,ok,
id23_id35_0006,Celeb-DF-v2,1,SBI,visual,0.782062,probability,1075.7,N/A,N/A,ok,
id6_id28_0002,Celeb-DF-v2,1,SBI,visual,0.880602,probability,1078.3,N/A,N/A,ok,
id35_id28_0006,Celeb-DF-v2,1,SBI,visual,0.857122,probability,1075.8,N/A,N/A,ok,
id32_id31_0008,Celeb-DF-v2,1,SBI,visual,0.613473,probability,1066.8,N/A,N/A,ok,
id38_id34_0004,Celeb-DF-v2,1,SBI,visual,0.404815,probability,1117.9,N/A,N/A,ok,
id3_id28_0009,Celeb-DF-v2,1,SBI,visual,0.934278,probability,1089.3,N/A,N/A,ok,
id37_id28_0007,Celeb-DF-v2,1,SBI,visual,0.985729,probability,1082.4,N/A,N/A,ok,
id1_id20_0002,Celeb-DF-v2,1,SBI,visual,0.388607,probability,1093.7,N/A,N/A,ok,
id37_id31_0008,Celeb-DF-v2,1,SBI,visual,0.89641,probability,1092.9,N/A,N/A,ok,
id30_id23_0007,Celeb-DF-v2,1,SBI,visual,0.236318,probability,1092.0,N/A,N/A,ok,
id28_id26_0000,Celeb-DF-v2,1,SBI,visual,0.292612,probability,1108.3,N/A,N/A,ok,
id2_id28_0003,Celeb-DF-v2,1,SBI,visual,0.426617,probability,1161.5,N/A,N/A,ok,
id27_id24_0007,Celeb-DF-v2,1,SBI,visual,0.779773,probability,1091.0,N/A,N/A,ok,
id30_id32_0006,Celeb-DF-v2,1,SBI,visual,0.210581,probability,1064.6,N/A,N/A,ok,
id35_id31_0009,Celeb-DF-v2,1,SBI,visual,0.866008,probability,1067.2,N/A,N/A,ok,
id4_id21_0004,Celeb-DF-v2,1,SBI,visual,0.741417,probability,1067.9,N/A,N/A,ok,
id37_id21_0005,Celeb-DF-v2,1,SBI,visual,0.600038,probability,1149.4,N/A,N/A,ok,
id30_id21_0002,Celeb-DF-v2,1,SBI,visual,0.685893,probability,1089.0,N/A,N/A,ok,
id16_id23_0011,Celeb-DF-v2,1,SBI,visual,0.612353,probability,1105.4,N/A,N/A,ok,
id9_id20_0002,Celeb-DF-v2,1,SBI,visual,0.519167,probability,1170.0,N/A,N/A,ok,
id6_id21_0006,Celeb-DF-v2,1,SBI,visual,0.621171,probability,1192.6,N/A,N/A,ok,
id20_id19_0002,Celeb-DF-v2,1,SBI,visual,0.495504,probability,1124.0,N/A,N/A,ok,
id28_id4_0006,Celeb-DF-v2,1,SBI,visual,0.953504,probability,1121.0,N/A,N/A,ok,
id35_id34_0002,Celeb-DF-v2,1,SBI,visual,0.245189,probability,1080.1,N/A,N/A,ok,
id35_id26_0003,Celeb-DF-v2,1,SBI,visual,0.34227,probability,1080.9,N/A,N/A,ok,
id22_id28_0006,Celeb-DF-v2,1,SBI,visual,0.858268,probability,1092.0,N/A,N/A,ok,
id30_id21_0005,Celeb-DF-v2,1,SBI,visual,0.569045,probability,1086.2,N/A,N/A,ok,
id24_id20_0009,Celeb-DF-v2,1,SBI,visual,0.878031,probability,1075.5,N/A,N/A,ok,
id4_id20_0000,Celeb-DF-v2,1,SBI,visual,0.514156,probability,1072.0,N/A,N/A,ok,
id2_id26_0001,Celeb-DF-v2,1,SBI,visual,0.459552,probability,1064.4,N/A,N/A,ok,
id21_id6_0005,Celeb-DF-v2,1,SBI,visual,0.364752,probability,1077.9,N/A,N/A,ok,
id21_id9_0008,Celeb-DF-v2,1,SBI,visual,0.59394,probability,1158.2,N/A,N/A,ok,
id22_id21_0005,Celeb-DF-v2,1,SBI,visual,0.922225,probability,1083.4,N/A,N/A,ok,
id22_id27_0005,Celeb-DF-v2,1,SBI,visual,0.915482,probability,1115.5,N/A,N/A,ok,
id23_id2_0007,Celeb-DF-v2,1,SBI,visual,0.589882,probability,1185.5,N/A,N/A,ok,
id23_id3_0009,Celeb-DF-v2,1,SBI,visual,0.190035,probability,1206.3,N/A,N/A,ok,
id24_id19_0000,Celeb-DF-v2,1,SBI,visual,0.853296,probability,1339.0,N/A,N/A,ok,
id24_id21_0006,Celeb-DF-v2,1,SBI,visual,0.763758,probability,1242.4,N/A,N/A,ok,
id24_id26_0009,Celeb-DF-v2,1,SBI,visual,0.859839,probability,1286.8,N/A,N/A,ok,
id25_id19_0002,Celeb-DF-v2,1,SBI,visual,0.795601,probability,1160.2,N/A,N/A,ok,
id25_id24_0003,Celeb-DF-v2,1,SBI,visual,0.62611,probability,1357.6,N/A,N/A,ok,
id27_id21_0008,Celeb-DF-v2,1,SBI,visual,0.859282,probability,1324.6,N/A,N/A,ok,
id27_id22_0007,Celeb-DF-v2,1,SBI,visual,0.886811,probability,1329.4,N/A,N/A,ok,
id27_id25_0008,Celeb-DF-v2,1,SBI,visual,0.825286,probability,1248.2,N/A,N/A,ok,
id28_id3_0004,Celeb-DF-v2,1,SBI,visual,0.533181,probability,1208.3,N/A,N/A,ok,
id28_id6_0006,Celeb-DF-v2,1,SBI,visual,0.985776,probability,1179.1,N/A,N/A,ok,
id29_id32_0000,Celeb-DF-v2,1,SBI,visual,0.070268,probability,1158.0,N/A,N/A,ok,
id29_id37_0009,Celeb-DF-v2,1,SBI,visual,0.318864,probability,1169.4,N/A,N/A,ok,
id30_id20_0004,Celeb-DF-v2,1,SBI,visual,0.719262,probability,14717.3,N/A,N/A,ok,
id30_id23_0002,Celeb-DF-v2,1,SBI,visual,0.920681,probability,25186.8,N/A,N/A,ok,
id32_id33_0004,Celeb-DF-v2,1,SBI,visual,0.885373,probability,4307.1,N/A,N/A,ok,
id33_id38_0001,Celeb-DF-v2,1,SBI,visual,0.471921,probability,1170.0,N/A,N/A,ok,
id34_id33_0005,Celeb-DF-v2,1,SBI,visual,0.598451,probability,1169.3,N/A,N/A,ok,
id35_id31_0007,Celeb-DF-v2,1,SBI,visual,0.737682,probability,1089.4,N/A,N/A,ok,
id49_id52_0005,Celeb-DF-v2,1,SBI,visual,0.967086,probability,1061.5,N/A,N/A,ok,
id9_id2_0006,Celeb-DF-v2,1,SBI,visual,0.378067,probability,1065.4,N/A,N/A,ok,
id7_id11_0007,Celeb-DF-v2,1,SBI,visual,0.419987,probability,1084.0,N/A,N/A,ok,
id4_id37_0006,Celeb-DF-v2,1,SBI,visual,0.642712,probability,1078.5,N/A,N/A,ok,
id37_id38_0009,Celeb-DF-v2,1,SBI,visual,0.648672,probability,1094.8,N/A,N/A,ok,
id29_id30_0009,Celeb-DF-v2,1,SBI,visual,0.553247,probability,1103.2,N/A,N/A,ok,
id0_id6_0007,Celeb-DF-v2,1,SBI,visual,0.781793,probability,1081.1,N/A,N/A,ok,
id0_id16_0004,Celeb-DF-v2,1,SBI,visual,0.657612,probability,1097.4,N/A,N/A,ok,
id31_id33_0008,Celeb-DF-v2,1,SBI,visual,0.882794,probability,1109.0,N/A,N/A,ok,
id54_id49_0003,Celeb-DF-v2,1,SBI,visual,0.949578,probability,1088.1,N/A,N/A,ok,
id0_id1_0000,Celeb-DF-v2,1,SBI,visual,0.715878,probability,1083.7,N/A,N/A,ok,
id21_id28_0001,Celeb-DF-v2,1,SBI,visual,0.835749,probability,1069.9,N/A,N/A,ok,
id33_id29_0004,Celeb-DF-v2,1,SBI,visual,0.982729,probability,1072.1,N/A,N/A,ok,
id28_id0_0009,Celeb-DF-v2,1,SBI,visual,0.488183,probability,1104.6,N/A,N/A,ok,
id6_id9_0006,Celeb-DF-v2,1,SBI,visual,0.38243,probability,1167.9,N/A,N/A,ok,
id9_id0_0006,Celeb-DF-v2,1,SBI,visual,0.574437,probability,1190.0,N/A,N/A,ok,
id26_id2_0005,Celeb-DF-v2,1,SBI,visual,0.977996,probability,1147.7,N/A,N/A,ok,
id1_id3_0002,Celeb-DF-v2,1,SBI,visual,0.579587,probability,1151.1,N/A,N/A,ok,
id4_id6_0008,Celeb-DF-v2,1,SBI,visual,0.296172,probability,1048.8,N/A,N/A,ok,
id16_id28_0005,Celeb-DF-v2,1,SBI,visual,0.737147,probability,1059.4,N/A,N/A,ok,
id37_id35_0005,Celeb-DF-v2,1,SBI,visual,0.946935,probability,1093.9,N/A,N/A,ok,
id19_id20_0004,Celeb-DF-v2,1,SBI,visual,0.973734,probability,1069.4,N/A,N/A,ok,
id46_id41_0000,Celeb-DF-v2,1,SBI,visual,0.991184,probability,1086.5,N/A,N/A,ok,
id51_id57_0004,Celeb-DF-v2,1,SBI,visual,0.997038,probability,1106.9,N/A,N/A,ok,
id29_id37_0005,Celeb-DF-v2,1,SBI,visual,0.522799,probability,1054.0,N/A,N/A,ok,
id35_id23_0007,Celeb-DF-v2,1,SBI,visual,0.83596,probability,1134.6,N/A,N/A,ok,
id34_id33_0002,Celeb-DF-v2,1,SBI,visual,0.436217,probability,1096.1,N/A,N/A,ok,
id1_id3_0006,Celeb-DF-v2,1,SBI,visual,0.937141,probability,1066.5,N/A,N/A,ok,
id13_id10_0005,Celeb-DF-v2,1,SBI,visual,0.705204,probability,1046.7,N/A,N/A,ok,
id56_id55_0009,Celeb-DF-v2,1,SBI,visual,0.898098,probability,1044.5,N/A,N/A,ok,
id25_id28_0010,Celeb-DF-v2,1,SBI,visual,0.499876,probability,1046.7,N/A,N/A,ok,
id20_id37_0004,Celeb-DF-v2,1,SBI,visual,0.77763,probability,1077.1,N/A,N/A,ok,
id37_id29_0002,Celeb-DF-v2,1,SBI,visual,0.996362,probability,1090.8,N/A,N/A,ok,
id56_id54_0007,Celeb-DF-v2,1,SBI,visual,0.928343,probability,1066.1,N/A,N/A,ok,
id19_id20_0000,Celeb-DF-v2,1,SBI,visual,0.953066,probability,1079.4,N/A,N/A,ok,
id4_id28_0006,Celeb-DF-v2,1,SBI,visual,0.687068,probability,1084.1,N/A,N/A,ok,
id53_id58_0005,Celeb-DF-v2,1,SBI,visual,0.389067,probability,1139.7,N/A,N/A,ok,
id55_id57_0002,Celeb-DF-v2,1,SBI,visual,0.844366,probability,1070.4,N/A,N/A,ok,
id24_id26_0004,Celeb-DF-v2,1,SBI,visual,0.880643,probability,1077.5,N/A,N/A,ok,
id20_id0_0006,Celeb-DF-v2,1,SBI,visual,0.703884,probability,1044.7,N/A,N/A,ok,
id37_id2_0009,Celeb-DF-v2,1,SBI,visual,0.699233,probability,1038.2,N/A,N/A,ok,
id30_id26_0006,Celeb-DF-v2,1,SBI,visual,0.383066,probability,1049.3,N/A,N/A,ok,
id16_id2_0001,Celeb-DF-v2,1,SBI,visual,0.304016,probability,1044.9,N/A,N/A,ok,
id26_id1_0002,Celeb-DF-v2,1,SBI,visual,0.760983,probability,1043.7,N/A,N/A,ok,
id30_id6_0007,Celeb-DF-v2,1,SBI,visual,0.227809,probability,1087.2,N/A,N/A,ok,
id44_id41_0005,Celeb-DF-v2,1,SBI,visual,0.926373,probability,1201.1,N/A,N/A,ok,
id16_id2_0006,Celeb-DF-v2,1,SBI,visual,0.683349,probability,1213.3,N/A,N/A,ok,
id1_id16_0004,Celeb-DF-v2,1,SBI,visual,0.505103,probability,1162.4,N/A,N/A,ok,
id16_id21_0002,Celeb-DF-v2,1,SBI,visual,0.448192,probability,1273.0,N/A,N/A,ok,
id4_id0_0000,Celeb-DF-v2,1,SBI,visual,0.579267,probability,1466.3,N/A,N/A,ok,
id8_id0_0002,Celeb-DF-v2,1,SBI,visual,0.959995,probability,2277.7,N/A,N/A,ok,
id19_id23_0001,Celeb-DF-v2,1,SBI,visual,0.527365,probability,1248.8,N/A,N/A,ok,
id37_id3_0006,Celeb-DF-v2,1,SBI,visual,0.521472,probability,1313.5,N/A,N/A,ok,
id9_id16_0007,Celeb-DF-v2,1,SBI,visual,0.738026,probability,1214.7,N/A,N/A,ok,
id47_id43_0007,Celeb-DF-v2,1,SBI,visual,0.779598,probability,1225.3,N/A,N/A,ok,
id16_id3_0009,Celeb-DF-v2,1,SBI,visual,0.787983,probability,1260.8,N/A,N/A,ok,
id26_id28_0002,Celeb-DF-v2,1,SBI,visual,0.628223,probability,1366.7,N/A,N/A,ok,
id8_id3_0003,Celeb-DF-v2,1,SBI,visual,0.329989,probability,1356.4,N/A,N/A,ok,
id30_id28_0000,Celeb-DF-v2,1,SBI,visual,0.764528,probability,1510.0,N/A,N/A,ok,
id27_id23_0008,Celeb-DF-v2,1,SBI,visual,0.950698,probability,1392.9,N/A,N/A,ok,
id28_id20_0008,Celeb-DF-v2,1,SBI,visual,0.941,probability,1222.2,N/A,N/A,ok,
id1_id2_0002,Celeb-DF-v2,1,SBI,visual,0.794881,probability,1281.7,N/A,N/A,ok,
id46_id39_0000,Celeb-DF-v2,1,SBI,visual,0.954344,probability,1366.0,N/A,N/A,ok,
id37_id28_0008,Celeb-DF-v2,1,SBI,visual,0.923216,probability,1497.3,N/A,N/A,ok,
id0_id3_0007,Celeb-DF-v2,1,SBI,visual,0.708944,probability,26401.4,N/A,N/A,ok,
id4_id1_0002,Celeb-DF-v2,1,SBI,visual,0.460327,probability,8891.9,N/A,N/A,ok,
id13_id7_0000,Celeb-DF-v2,1,SBI,visual,0.716576,probability,3051.1,N/A,N/A,ok,
id50_id53_0000,Celeb-DF-v2,1,SBI,visual,0.986229,probability,3752.8,N/A,N/A,ok,
id50_id56_0005,Celeb-DF-v2,1,SBI,visual,0.333383,probability,2327.9,N/A,N/A,ok,
id4_id21_0009,Celeb-DF-v2,1,SBI,visual,0.637973,probability,1181.1,N/A,N/A,ok,
id23_id3_0004,Celeb-DF-v2,1,SBI,visual,0.723377,probability,1208.8,N/A,N/A,ok,
id56_id51_0000,Celeb-DF-v2,1,SBI,visual,0.912553,probability,1538.8,N/A,N/A,ok,
id30_id3_0006,Celeb-DF-v2,1,SBI,visual,0.582369,probability,1418.4,N/A,N/A,ok,
id28_id20_0006,Celeb-DF-v2,1,SBI,visual,0.981137,probability,1256.7,N/A,N/A,ok,
id4_id20_0008,Celeb-DF-v2,1,SBI,visual,0.373245,probability,1154.2,N/A,N/A,ok,
id54_id58_0006,Celeb-DF-v2,1,SBI,visual,0.948655,probability,1153.6,N/A,N/A,ok,
id53_id57_0005,Celeb-DF-v2,1,SBI,visual,0.624664,probability,1204.1,N/A,N/A,ok,
id31_id33_0009,Celeb-DF-v2,1,SBI,visual,0.83131,probability,1167.7,N/A,N/A,ok,
id0_id21_0000,Celeb-DF-v2,1,SBI,visual,0.631942,probability,1140.4,N/A,N/A,ok,
id6_id23_0006,Celeb-DF-v2,1,SBI,visual,0.954349,probability,1330.3,N/A,N/A,ok,
id48_id45_0002,Celeb-DF-v2,1,SBI,visual,0.787578,probability,1277.1,N/A,N/A,ok,
id46_id45_0001,Celeb-DF-v2,1,SBI,visual,0.712081,probability,1202.4,N/A,N/A,ok,
id28_id21_0006,Celeb-DF-v2,1,SBI,visual,0.985901,probability,1162.9,N/A,N/A,ok,
id12_id10_0005,Celeb-DF-v2,1,SBI,visual,0.84175,probability,1167.0,N/A,N/A,ok,
id54_id56_0000,Celeb-DF-v2,1,SBI,visual,0.849817,probability,1207.7,N/A,N/A,ok,
id39_id47_0004,Celeb-DF-v2,1,SBI,visual,0.878275,probability,1187.8,N/A,N/A,ok,
id9_id3_0009,Celeb-DF-v2,1,SBI,visual,0.131326,probability,1176.6,N/A,N/A,ok,
id35_id16_0007,Celeb-DF-v2,1,SBI,visual,0.589127,probability,1183.5,N/A,N/A,ok,
id21_id2_0002,Celeb-DF-v2,1,SBI,visual,0.753749,probability,1148.4,N/A,N/A,ok,
id12_id10_0002,Celeb-DF-v2,1,SBI,visual,0.776738,probability,1163.2,N/A,N/A,ok,
id10_id13_0007,Celeb-DF-v2,1,SBI,visual,0.970829,probability,1204.7,N/A,N/A,ok,
id20_id31_0008,Celeb-DF-v2,1,SBI,visual,0.913671,probability,1190.9,N/A,N/A,ok,
id0_id16_0003,Celeb-DF-v2,1,SBI,visual,0.683919,probability,1172.1,N/A,N/A,ok,
id0_id16_0007,Celeb-DF-v2,1,SBI,visual,0.932032,probability,1193.1,N/A,N/A,ok,
id2_id16_0004,Celeb-DF-v2,1,SBI,visual,0.955669,probability,1181.5,N/A,N/A,ok,
id13_id7_0012,Celeb-DF-v2,1,SBI,visual,0.967985,probability,1276.1,N/A,N/A,ok,
id37_id1_0002,Celeb-DF-v2,1,SBI,visual,0.988255,probability,1184.1,N/A,N/A,ok,
id30_id28_0004,Celeb-DF-v2,1,SBI,visual,0.966693,probability,19919.2,N/A,N/A,ok,
id53_id52_0003,Celeb-DF-v2,1,SBI,visual,0.861452,probability,31679.1,N/A,N/A,ok,
id54_id56_0006,Celeb-DF-v2,1,SBI,visual,0.911272,probability,19038.6,N/A,N/A,ok,
id3_id28_0002,Celeb-DF-v2,1,SBI,visual,0.862531,probability,1470.0,N/A,N/A,ok,
id37_id4_0000,Celeb-DF-v2,1,SBI,visual,0.811313,probability,1106.4,N/A,N/A,ok,
id28_id9_0000,Celeb-DF-v2,1,SBI,visual,0.384817,probability,1080.9,N/A,N/A,ok,
id4_id2_0003,Celeb-DF-v2,1,SBI,visual,0.331828,probability,1077.5,N/A,N/A,ok,
id25_id21_0005,Celeb-DF-v2,1,SBI,visual,0.928543,probability,1075.9,N/A,N/A,ok,
id17_id3_0007,Celeb-DF-v2,1,SBI,visual,0.728529,probability,1077.1,N/A,N/A,ok,
id2_id1_0004,Celeb-DF-v2,1,SBI,visual,0.774426,probability,1080.8,N/A,N/A,ok,
id3_id9_0003,Celeb-DF-v2,1,SBI,visual,0.785344,probability,1101.4,N/A,N/A,ok,
id16_id6_0001,Celeb-DF-v2,1,SBI,visual,0.234384,probability,1099.4,N/A,N/A,ok,
id8_id6_0002,Celeb-DF-v2,1,SBI,visual,0.86191,probability,1114.9,N/A,N/A,ok,
id17_id16_0007,Celeb-DF-v2,1,SBI,visual,0.890931,probability,1183.1,N/A,N/A,ok,
id4_id26_0007,Celeb-DF-v2,1,SBI,visual,0.343331,probability,1133.2,N/A,N/A,ok,
id44_id45_0000,Celeb-DF-v2,1,SBI,visual,0.837509,probability,1119.0,N/A,N/A,ok,
id0_id1_0005,Celeb-DF-v2,1,SBI,visual,0.435353,probability,1104.3,N/A,N/A,ok,
id57_id51_0000,Celeb-DF-v2,1,SBI,visual,0.882301,probability,1104.7,N/A,N/A,ok,
id34_id32_0007,Celeb-DF-v2,1,SBI,visual,0.367977,probability,1060.1,N/A,N/A,ok,
id32_id31_0006,Celeb-DF-v2,1,SBI,visual,0.783886,probability,4546.3,N/A,N/A,ok,
id48_id41_0001,Celeb-DF-v2,1,SBI,visual,0.73556,probability,30238.6,N/A,N/A,ok,
id4_id0_0004,Celeb-DF-v2,1,SBI,visual,0.618688,probability,1982.0,N/A,N/A,ok,
id21_id19_0009,Celeb-DF-v2,1,SBI,visual,0.922392,probability,1109.1,N/A,N/A,ok,
id45_id39_0008,Celeb-DF-v2,1,SBI,visual,0.809815,probability,1070.9,N/A,N/A,ok,
id31_id30_0009,Celeb-DF-v2,1,SBI,visual,0.645836,probability,1088.9,N/A,N/A,ok,
id27_id19_0001,Celeb-DF-v2,1,SBI,visual,0.679643,probability,1085.4,N/A,N/A,ok,
id23_id16_0003,Celeb-DF-v2,1,SBI,visual,0.32197,probability,1105.5,N/A,N/A,ok,
id58_id57_0008,Celeb-DF-v2,1,SBI,visual,0.581256,probability,1060.1,N/A,N/A,ok,
id17_id2_0007,Celeb-DF-v2,1,SBI,visual,0.780335,probability,1064.6,N/A,N/A,ok,
id28_id3_0001,Celeb-DF-v2,1,SBI,visual,0.92351,probability,1062.5,N/A,N/A,ok,
id23_id35_0009,Celeb-DF-v2,1,SBI,visual,0.758971,probability,1068.9,N/A,N/A,ok,
id4_id0_0001,Celeb-DF-v2,1,SBI,visual,0.678278,probability,1100.7,N/A,N/A,ok,
id17_id31_0009,Celeb-DF-v2,1,SBI,visual,0.917422,probability,1087.8,N/A,N/A,ok,
id48_id47_0008,Celeb-DF-v2,1,SBI,visual,0.51447,probability,1065.3,N/A,N/A,ok,
id50_id49_0001,Celeb-DF-v2,1,SBI,visual,0.655966,probability,1053.0,N/A,N/A,ok,
id20_id1_0003,Celeb-DF-v2,1,SBI,visual,0.628682,probability,1057.0,N/A,N/A,ok,
id16_id3_0010,Celeb-DF-v2,1,SBI,visual,0.265846,probability,1073.7,N/A,N/A,ok,
id23_id19_0000,Celeb-DF-v2,1,SBI,visual,0.705466,probability,1098.1,N/A,N/A,ok,
id1_id3_0009,Celeb-DF-v2,1,SBI,visual,0.943423,probability,1053.8,N/A,N/A,ok,
id43_id40_0005,Celeb-DF-v2,1,SBI,visual,0.989714,probability,1084.0,N/A,N/A,ok,
id4_id6_0002,Celeb-DF-v2,1,SBI,visual,0.523455,probability,1071.2,N/A,N/A,ok,
id10_id7_0008,Celeb-DF-v2,1,SBI,visual,0.947191,probability,1083.2,N/A,N/A,ok,
id13_id10_0008,Celeb-DF-v2,1,SBI,visual,0.828234,probability,1077.6,N/A,N/A,ok,
id12_id7_0006,Celeb-DF-v2,1,SBI,visual,0.996277,probability,1071.1,N/A,N/A,ok,
id6_id2_0008,Celeb-DF-v2,1,SBI,visual,0.757293,probability,1062.3,N/A,N/A,ok,
id2_id0_0002,Celeb-DF-v2,1,SBI,visual,0.996971,probability,1063.2,N/A,N/A,ok,
id2_id6_0002,Celeb-DF-v2,1,SBI,visual,0.97816,probability,1112.7,N/A,N/A,ok,
id30_id28_0006,Celeb-DF-v2,1,SBI,visual,0.507935,probability,1090.0,N/A,N/A,ok,
id52_id50_0007,Celeb-DF-v2,1,SBI,visual,0.960558,probability,1057.8,N/A,N/A,ok,
id49_id52_0007,Celeb-DF-v2,1,SBI,visual,0.359323,probability,1486.9,N/A,N/A,ok,
id51_id50_0008,Celeb-DF-v2,1,SBI,visual,0.940966,probability,1149.3,N/A,N/A,ok,
id21_id3_0009,Celeb-DF-v2,1,SBI,visual,0.668906,probability,1120.2,N/A,N/A,ok,
id31_id16_0002,Celeb-DF-v2,1,SBI,visual,0.285231,probability,1094.3,N/A,N/A,ok,
id25_id28_0003,Celeb-DF-v2,1,SBI,visual,0.836156,probability,1172.1,N/A,N/A,ok,
id21_id20_0006,Celeb-DF-v2,1,SBI,visual,0.9896,probability,1185.0,N/A,N/A,ok,
id10_id7_0005,Celeb-DF-v2,1,SBI,visual,0.933694,probability,1095.5,N/A,N/A,ok,
id38_id30_0006,Celeb-DF-v2,1,SBI,visual,0.805508,probability,1189.0,N/A,N/A,ok,
id35_id30_0006,Celeb-DF-v2,1,SBI,visual,0.890642,probability,1297.8,N/A,N/A,ok,
id20_id9_0008,Celeb-DF-v2,1,SBI,visual,0.978604,probability,1481.3,N/A,N/A,ok,
id25_id23_0010,Celeb-DF-v2,1,SBI,visual,0.782277,probability,1535.6,N/A,N/A,ok,
id17_id21_0000,Celeb-DF-v2,1,SBI,visual,0.895788,probability,1701.4,N/A,N/A,ok,
id45_id47_0002,Celeb-DF-v2,1,SBI,visual,0.778192,probability,1874.9,N/A,N/A,ok,
id1_id3_0003,Celeb-DF-v2,1,SBI,visual,0.923913,probability,2795.9,N/A,N/A,ok,
id27_id26_0006,Celeb-DF-v2,1,SBI,visual,0.72756,probability,3237.4,N/A,N/A,ok,
id44_id42_0001,Celeb-DF-v2,1,SBI,visual,0.707063,probability,3427.5,N/A,N/A,ok,
id57_id53_0006,Celeb-DF-v2,1,SBI,visual,0.987835,probability,5125.8,N/A,N/A,ok,
id43_id39_0000,Celeb-DF-v2,1,SBI,visual,0.630717,probability,9356.7,N/A,N/A,ok,
id35_id16_0004,Celeb-DF-v2,1,SBI,visual,0.785747,probability,6324.7,N/A,N/A,ok,
id42_id40_0001,Celeb-DF-v2,1,SBI,visual,0.982601,probability,5978.4,N/A,N/A,ok,
id21_id2_0000,Celeb-DF-v2,1,SBI,visual,0.678534,probability,5457.4,N/A,N/A,ok,
id37_id21_0000,Celeb-DF-v2,1,SBI,visual,0.828887,probability,7147.1,N/A,N/A,ok,
id29_id38_0008,Celeb-DF-v2,1,SBI,visual,0.882845,probability,3844.8,N/A,N/A,ok,
id39_id44_0000,Celeb-DF-v2,1,SBI,visual,0.963894,probability,3508.3,N/A,N/A,ok,
id9_id6_0005,Celeb-DF-v2,1,SBI,visual,0.894388,probability,3110.1,N/A,N/A,ok,
id0_id1_0001,Celeb-DF-v2,1,SBI,visual,0.41058,probability,3373.2,N/A,N/A,ok,
id31_id2_0004,Celeb-DF-v2,1,SBI,visual,0.905699,probability,3261.4,N/A,N/A,ok,
id38_id34_0003,Celeb-DF-v2,1,SBI,visual,0.700103,probability,16020.5,N/A,N/A,ok,
id56_id57_0007,Celeb-DF-v2,1,SBI,visual,0.926077,probability,39798.9,N/A,N/A,ok,
id52_id58_0005,Celeb-DF-v2,1,SBI,visual,0.843477,probability,10898.9,N/A,N/A,ok,
id28_id4_0000,Celeb-DF-v2,1,SBI,visual,0.855991,probability,1385.4,N/A,N/A,ok,
id22_id26_0005,Celeb-DF-v2,1,SBI,visual,0.943426,probability,1067.7,N/A,N/A,ok,
id4_id30_0000,Celeb-DF-v2,1,SBI,visual,0.717842,probability,1061.3,N/A,N/A,ok,
id29_id32_0003,Celeb-DF-v2,1,SBI,visual,0.205595,probability,1064.1,N/A,N/A,ok,
id35_id20_0007,Celeb-DF-v2,1,SBI,visual,0.795858,probability,1064.3,N/A,N/A,ok,
id1_id2_0007,Celeb-DF-v2,1,SBI,visual,0.997797,probability,1065.4,N/A,N/A,ok,
id30_id3_0002,Celeb-DF-v2,1,SBI,visual,0.406126,probability,1552.8,N/A,N/A,ok,
id22_id25_0001,Celeb-DF-v2,1,SBI,visual,0.573126,probability,2988.3,N/A,N/A,ok,
id39_id44_0008,Celeb-DF-v2,1,SBI,visual,0.921375,probability,2053.6,N/A,N/A,ok,
id34_id29_0008,Celeb-DF-v2,1,SBI,visual,0.541143,probability,1960.7,N/A,N/A,ok,
id21_id28_0009,Celeb-DF-v2,1,SBI,visual,0.896346,probability,2183.2,N/A,N/A,ok,
id30_id4_0001,Celeb-DF-v2,1,SBI,visual,0.766783,probability,2155.4,N/A,N/A,ok,
id25_id19_0008,Celeb-DF-v2,1,SBI,visual,0.623496,probability,2248.3,N/A,N/A,ok,
id21_id4_0002,Celeb-DF-v2,1,SBI,visual,0.952278,probability,18516.1,N/A,N/A,ok,
id17_id28_0001,Celeb-DF-v2,1,SBI,visual,0.816767,probability,125412.8,N/A,N/A,ok,
id6_id1_0007,Celeb-DF-v2,1,SBI,visual,0.336045,probability,10033.5,N/A,N/A,ok,
id9_id2_0008,Celeb-DF-v2,1,SBI,visual,0.655804,probability,1501.2,N/A,N/A,ok,
id8_id5_0008,Celeb-DF-v2,1,SBI,visual,0.884739,probability,1095.4,N/A,N/A,ok,
id37_id3_0004,Celeb-DF-v2,1,SBI,visual,0.981001,probability,1056.7,N/A,N/A,ok,
id17_id2_0003,Celeb-DF-v2,1,SBI,visual,0.625371,probability,1069.0,N/A,N/A,ok,
