sample_id,dataset,label,detector_name,modality,fake_score,score_type,inference_time_ms,window_start_sec,window_end_sec,status,error_message
ff_test_000000,FF-Deepfakes-c23,1,Xception,visual,0.9861,probability,3389.72,N/A,N/A,ok,
ff_test_000001,FF-Deepfakes-c23,1,Xception,visual,0.9311,probability,74.35,N/A,N/A,ok,
ff_test_000002,FF-Deepfakes-c23,1,Xception,visual,0.8604,probability,91.78,N/A,N/A,ok,
ff_test_000003,FF-Deepfakes-c23,1,Xception,visual,0.7517,probability,75.47,N/A,N/A,ok,
ff_test_000004,FF-Deepfakes-c23,1,Xception,visual,0.9368,probability,79.59,N/A,N/A,ok,
ff_test_000005,FF-Deepfakes-c23,1,Xception,visual,0.999,probability,81.69,N/A,N/A,ok,
ff_test_000006,FF-Deepfakes-c23,1,Xception,visual,0.9499,probability,78.77,N/A,N/A,ok,
ff_test_000007,FF-Deepfakes-c23,1,Xception,visual,0.9839,probability,92.26,N/A,N/A,ok,
ff_test_000008,FF-Deepfakes-c23,1,Xception,visual,0.8094,probability,86.31,N/A,N/A,ok,
ff_test_000009,FF-Deepfakes-c23,1,Xception,visual,0.9989,probability,79.74,N/A,N/A,ok,
ff_test_000010,FF-Deepfakes-c23,1,Xception,visual,0.8227,probability,86.71,N/A,N/A,ok,
ff_test_000011,FF-Deepfakes-c23,1,Xception,visual,0.9982,probability,80.32,N/A,N/A,ok,
ff_test_000012,FF-Deepfakes-c23,1,Xception,visual,0.9797,probability,91.74,N/A,N/A,ok,
ff_test_000013,FF-Deepfakes-c23,1,Xception,visual,0.9985,probability,89.0,N/A,N/A,ok,
ff_test_000014,FF-Deepfakes-c23,1,Xception,visual,0.996,probability,81.61,N/A,N/A,ok,
ff_test_000015,FF-Deepfakes-c23,1,Xception,visual,0.9639,probability,83.71,N/A,N/A,ok,
ff_test_000016,FF-Deepfakes-c23,1,Xception,visual,0.9936,probability,78.44,N/A,N/A,ok,
ff_test_000017,FF-Deepfakes-c23,1,Xception,visual,0.9996,probability,72.17,N/A,N/A,ok,
ff_test_000018,FF-Deepfakes-c23,1,Xception,visual,0.9954,probability,84.5,N/A,N/A,ok,
ff_test_000019,FF-Deepfakes-c23,1,Xception,visual,0.9511,probability,75.58,N/A,N/A,ok,
ff_test_000020,FF-Deepfakes-c23,1,Xception,visual,0.9617,probability,76.82,N/A,N/A,ok,
ff_test_000021,FF-Deepfakes-c23,1,Xception,visual,0.9924,probability,72.98,N/A,N/A,ok,
ff_test_000022,FF-Deepfakes-c23,1,Xception,visual,0.4676,probability,74.66,N/A,N/A,ok,
ff_test_000023,FF-Deepfakes-c23,1,Xception,visual,0.9951,probability,73.42,N/A,N/A,ok,
ff_test_000024,FF-Deepfakes-c23,1,Xception,visual,0.985,probability,73.25,N/A,N/A,ok,
ff_test_000025,FF-Deepfakes-c23,1,Xception,visual,0.9902,probability,95.95,N/A,N/A,ok,
ff_test_000026,FF-Deepfakes-c23,1,Xception,visual,0.9994,probability,85.1,N/A,N/A,ok,
ff_test_000027,FF-Deepfakes-c23,1,Xception,visual,0.9835,probability,79.85,N/A,N/A,ok,
ff_test_000028,FF-Deepfakes-c23,1,Xception,visual,0.8253,probability,73.5,N/A,N/A,ok,
ff_test_000029,FF-Deepfakes-c23,1,Xception,visual,0.9973,probability,72.36,N/A,N/A,ok,
ff_test_000030,FF-Deepfakes-c23,1,Xception,visual,0.9968,probability,74.98,N/A,N/A,ok,
ff_test_000031,FF-Deepfakes-c23,1,Xception,visual,0.9086,probability,83.96,N/A,N/A,ok,
ff_test_000032,FF-Deepfakes-c23,1,Xception,visual,0.9984,probability,70.57,N/A,N/A,ok,
ff_test_000033,FF-Deepfakes-c23,1,Xception,visual,0.5387,probability,68.05,N/A,N/A,ok,
ff_test_000034,FF-Deepfakes-c23,1,Xception,visual,0.989,probability,77.52,N/A,N/A,ok,
ff_test_000035,FF-Deepfakes-c23,1,Xception,visual,0.823,probability,77.74,N/A,N/A,ok,
ff_test_000036,FF-Deepfakes-c23,1,Xception,visual,0.954,probability,74.49,N/A,N/A,ok,
ff_test_000037,FF-Deepfakes-c23,1,Xception,visual,0.9645,probability,68.54,N/A,N/A,ok,
ff_test_000038,FF-Deepfakes-c23,1,Xception,visual,0.7116,probability,83.69,N/A,N/A,ok,
ff_test_000039,FF-Deepfakes-c23,1,Xception,visual,0.9659,probability,82.91,N/A,N/A,ok,
ff_test_000040,FF-Deepfakes-c23,1,Xception,visual,0.9014,probability,77.88,N/A,N/A,ok,
ff_test_000041,FF-Deepfakes-c23,1,Xception,visual,0.9927,probability,78.49,N/A,N/A,ok,
ff_test_000042,FF-Deepfakes-c23,1,Xception,visual,0.9759,probability,84.9,N/A,N/A,ok,
ff_test_000043,FF-Deepfakes-c23,1,Xception,visual,0.9887,probability,81.67,N/A,N/A,ok,
ff_test_000044,FF-Deepfakes-c23,1,Xception,visual,0.9955,probability,92.94,N/A,N/A,ok,
ff_test_000045,FF-Deepfakes-c23,1,Xception,visual,0.9915,probability,77.87,N/A,N/A,ok,
ff_test_000046,FF-Deepfakes-c23,1,Xception,visual,0.4815,probability,81.41,N/A,N/A,ok,
ff_test_000047,FF-Deepfakes-c23,1,Xception,visual,0.7516,probability,81.46,N/A,N/A,ok,
ff_test_000048,FF-Deepfakes-c23,1,Xception,visual,0.9656,probability,75.52,N/A,N/A,ok,
ff_test_000049,FF-Deepfakes-c23,1,Xception,visual,0.996,probability,80.77,N/A,N/A,ok,
ff_test_000050,FF-Deepfakes-c23,1,Xception,visual,0.9677,probability,84.2,N/A,N/A,ok,
ff_test_000051,FF-Deepfakes-c23,1,Xception,visual,0.9308,probability,78.4,N/A,N/A,ok,
ff_test_000052,FF-Deepfakes-c23,1,Xception,visual,0.973,probability,77.9,N/A,N/A,ok,
ff_test_000053,FF-Deepfakes-c23,1,Xception,visual,0.9977,probability,69.56,N/A,N/A,ok,
ff_test_000054,FF-Deepfakes-c23,1,Xception,visual,0.9988,probability,71.04,N/A,N/A,ok,
ff_test_000055,FF-Deepfakes-c23,1,Xception,visual,0.9916,probability,76.85,N/A,N/A,ok,
ff_test_000056,FF-Deepfakes-c23,1,Xception,visual,0.8218,probability,71.46,N/A,N/A,ok,
ff_test_000057,FF-Deepfakes-c23,1,Xception,visual,0.9845,probability,80.66,N/A,N/A,ok,
ff_test_000058,FF-Deepfakes-c23,1,Xception,visual,0.9904,probability,74.46,N/A,N/A,ok,
ff_test_000059,FF-Deepfakes-c23,1,Xception,visual,0.4934,probability,74.36,N/A,N/A,ok,
ff_test_000060,FF-Deepfakes-c23,1,Xception,visual,0.9975,probability,77.9,N/A,N/A,ok,
ff_test_000061,FF-Deepfakes-c23,1,Xception,visual,0.8141,probability,73.85,N/A,N/A,ok,
ff_test_000062,FF-Deepfakes-c23,1,Xception,visual,0.9536,probability,69.21,N/A,N/A,ok,
ff_test_000063,FF-Deepfakes-c23,1,Xception,visual,0.9962,probability,76.53,N/A,N/A,ok,
ff_test_000064,FF-Deepfakes-c23,1,Xception,visual,0.9854,probability,76.3,N/A,N/A,ok,
ff_test_000065,FF-Deepfakes-c23,1,Xception,visual,0.9652,probability,92.31,N/A,N/A,ok,
ff_test_000066,FF-Deepfakes-c23,1,Xception,visual,0.999,probability,73.96,N/A,N/A,ok,
ff_test_000067,FF-Deepfakes-c23,1,Xception,visual,0.9448,probability,75.21,N/A,N/A,ok,
ff_test_000068,FF-Deepfakes-c23,1,Xception,visual,0.9793,probability,87.15,N/A,N/A,ok,
ff_test_000069,FF-Deepfakes-c23,1,Xception,visual,0.9913,probability,79.52,N/A,N/A,ok,
ff_test_000070,FF-Deepfakes-c23,1,Xception,visual,0.9819,probability,77.3,N/A,N/A,ok,
ff_test_000071,FF-Deepfakes-c23,1,Xception,visual,0.896,probability,73.41,N/A,N/A,ok,
ff_test_000072,FF-Deepfakes-c23,1,Xception,visual,0.9992,probability,82.65,N/A,N/A,ok,
ff_test_000073,FF-Deepfakes-c23,1,Xception,visual,0.9945,probability,77.3,N/A,N/A,ok,
ff_test_000074,FF-Deepfakes-c23,1,Xception,visual,0.9342,probability,78.61,N/A,N/A,ok,
ff_test_000075,FF-Deepfakes-c23,1,Xception,visual,0.9788,probability,75.19,N/A,N/A,ok,
ff_test_000076,FF-Deepfakes-c23,1,Xception,visual,0.9727,probability,81.88,N/A,N/A,ok,
ff_test_000077,FF-Deepfakes-c23,1,Xception,visual,0.9999,probability,91.4,N/A,N/A,ok,
ff_test_000078,FF-Deepfakes-c23,1,Xception,visual,0.9732,probability,81.85,N/A,N/A,ok,
ff_test_000079,FF-Deepfakes-c23,1,Xception,visual,0.9841,probability,77.26,N/A,N/A,ok,
ff_test_000080,FF-Deepfakes-c23,1,Xception,visual,0.993,probability,85.68,N/A,N/A,ok,
ff_test_000081,FF-Deepfakes-c23,1,Xception,visual,0.9965,probability,80.29,N/A,N/A,ok,
ff_test_000082,FF-Deepfakes-c23,1,Xception,visual,0.9676,probability,76.19,N/A,N/A,ok,
ff_test_000083,FF-Deepfakes-c23,1,Xception,visual,0.9874,probability,85.52,N/A,N/A,ok,
ff_test_000084,FF-Deepfakes-c23,1,Xception,visual,0.9938,probability,75.78,N/A,N/A,ok,
ff_test_000085,FF-Deepfakes-c23,1,Xception,visual,0.9705,probability,82.37,N/A,N/A,ok,
ff_test_000086,FF-Deepfakes-c23,1,Xception,visual,0.9742,probability,78.57,N/A,N/A,ok,
ff_test_000087,FF-Deepfakes-c23,1,Xception,visual,0.9979,probability,81.06,N/A,N/A,ok,
ff_test_000088,FF-Deepfakes-c23,1,Xception,visual,0.9947,probability,82.0,N/A,N/A,ok,
ff_test_000089,FF-Deepfakes-c23,1,Xception,visual,0.8657,probability,87.27,N/A,N/A,ok,
ff_test_000090,FF-Deepfakes-c23,1,Xception,visual,0.9955,probability,82.45,N/A,N/A,ok,
ff_test_000091,FF-Deepfakes-c23,1,Xception,visual,0.9705,probability,93.45,N/A,N/A,ok,
ff_test_000092,FF-Deepfakes-c23,1,Xception,visual,0.9696,probability,79.57,N/A,N/A,ok,
ff_test_000093,FF-Deepfakes-c23,1,Xception,visual,0.989,probability,85.84,N/A,N/A,ok,
ff_test_000094,FF-Deepfakes-c23,1,Xception,visual,0.9881,probability,79.88,N/A,N/A,ok,
ff_test_000095,FF-Deepfakes-c23,1,Xception,visual,0.9615,probability,95.4,N/A,N/A,ok,
ff_test_000096,FF-Deepfakes-c23,1,Xception,visual,0.9981,probability,83.98,N/A,N/A,ok,
ff_test_000097,FF-Deepfakes-c23,1,Xception,visual,0.9739,probability,76.82,N/A,N/A,ok,
ff_test_000098,FF-Deepfakes-c23,1,Xception,visual,0.9937,probability,73.2,N/A,N/A,ok,
ff_test_000099,FF-Deepfakes-c23,1,Xception,visual,0.9963,probability,81.92,N/A,N/A,ok,
ff_test_000100,FF-Deepfakes-c23,1,Xception,visual,0.9914,probability,83.64,N/A,N/A,ok,
ff_test_000101,FF-Deepfakes-c23,1,Xception,visual,0.9954,probability,79.95,N/A,N/A,ok,
ff_test_000102,FF-Deepfakes-c23,1,Xception,visual,0.9644,probability,81.4,N/A,N/A,ok,
ff_test_000103,FF-Deepfakes-c23,1,Xception,visual,0.9534,probability,113.34,N/A,N/A,ok,
ff_test_000104,FF-Deepfakes-c23,1,Xception,visual,0.9903,probability,79.26,N/A,N/A,ok,
ff_test_000105,FF-Deepfakes-c23,1,Xception,visual,0.9948,probability,89.09,N/A,N/A,ok,
ff_test_000106,FF-Deepfakes-c23,1,Xception,visual,0.9302,probability,92.19,N/A,N/A,ok,
ff_test_000107,FF-Deepfakes-c23,1,Xception,visual,0.9946,probability,94.1,N/A,N/A,ok,
ff_test_000108,FF-Deepfakes-c23,1,Xception,visual,0.9989,probability,79.72,N/A,N/A,ok,
ff_test_000109,FF-Deepfakes-c23,1,Xception,visual,0.9914,probability,86.65,N/A,N/A,ok,
ff_test_000110,FF-Deepfakes-c23,1,Xception,visual,0.937,probability,87.62,N/A,N/A,ok,
ff_test_000111,FF-Deepfakes-c23,1,Xception,visual,0.9997,probability,86.92,N/A,N/A,ok,
ff_test_000112,FF-Deepfakes-c23,1,Xception,visual,0.8865,probability,82.09,N/A,N/A,ok,
ff_test_000113,FF-Deepfakes-c23,1,Xception,visual,0.9974,probability,79.73,N/A,N/A,ok,
ff_test_000114,FF-Deepfakes-c23,1,Xception,visual,0.8951,probability,81.87,N/A,N/A,ok,
ff_test_000115,FF-Deepfakes-c23,1,Xception,visual,0.9726,probability,88.59,N/A,N/A,ok,
ff_test_000116,FF-Deepfakes-c23,1,Xception,visual,0.9836,probability,79.81,N/A,N/A,ok,
ff_test_000117,FF-Deepfakes-c23,1,Xception,visual,0.9161,probability,79.27,N/A,N/A,ok,
ff_test_000118,FF-Deepfakes-c23,1,Xception,visual,0.9746,probability,78.05,N/A,N/A,ok,
ff_test_000119,FF-Deepfakes-c23,1,Xception,visual,0.9965,probability,81.67,N/A,N/A,ok,
ff_test_000120,FF-Deepfakes-c23,1,Xception,visual,0.9456,probability,90.62,N/A,N/A,ok,
ff_test_000121,FF-Deepfakes-c23,1,Xception,visual,0.9683,probability,82.53,N/A,N/A,ok,
ff_test_000122,FF-Deepfakes-c23,1,Xception,visual,0.993,probability,75.84,N/A,N/A,ok,
ff_test_000123,FF-Deepfakes-c23,1,Xception,visual,0.9375,probability,80.41,N/A,N/A,ok,
ff_test_000124,FF-Deepfakes-c23,1,Xception,visual,0.9907,probability,77.29,N/A,N/A,ok,
ff_test_000125,FF-Deepfakes-c23,1,Xception,visual,0.8506,probability,85.51,N/A,N/A,ok,
ff_test_000126,FF-Deepfakes-c23,1,Xception,visual,0.9479,probability,76.92,N/A,N/A,ok,
ff_test_000127,FF-Deepfakes-c23,1,Xception,visual,0.9893,probability,82.43,N/A,N/A,ok,
ff_test_000128,FF-Deepfakes-c23,1,Xception,visual,0.9888,probability,87.05,N/A,N/A,ok,
ff_test_000129,FF-Deepfakes-c23,1,Xception,visual,0.9723,probability,80.33,N/A,N/A,ok,
ff_test_000130,FF-Deepfakes-c23,1,Xception,visual,0.9986,probability,79.86,N/A,N/A,ok,
ff_test_000131,FF-Deepfakes-c23,1,Xception,visual,0.9858,probability,82.64,N/A,N/A,ok,
ff_test_000132,FF-Deepfakes-c23,1,Xception,visual,0.992,probability,82.45,N/A,N/A,ok,
ff_test_000133,FF-Deepfakes-c23,1,Xception,visual,0.9656,probability,82.58,N/A,N/A,ok,
ff_test_000134,FF-Deepfakes-c23,1,Xception,visual,0.9148,probability,86.85,N/A,N/A,ok,
ff_test_000135,FF-Deepfakes-c23,1,Xception,visual,0.8155,probability,86.01,N/A,N/A,ok,
ff_test_000136,FF-Deepfakes-c23,1,Xception,visual,0.9397,probability,74.96,N/A,N/A,ok,
ff_test_000137,FF-Deepfakes-c23,1,Xception,visual,0.992,probability,78.59,N/A,N/A,ok,
ff_test_000138,FF-Deepfakes-c23,1,Xception,visual,0.9584,probability,86.79,N/A,N/A,ok,
ff_test_000139,FF-Deepfakes-c23,1,Xception,visual,0.8787,probability,81.73,N/A,N/A,ok,
ff_test_000140,FF-Face2Face-c23,1,Xception,visual,0.9599,probability,82.44,N/A,N/A,ok,
ff_test_000141,FF-Face2Face-c23,1,Xception,visual,0.9816,probability,82.14,N/A,N/A,ok,
ff_test_000142,FF-Face2Face-c23,1,Xception,visual,0.9637,probability,94.7,N/A,N/A,ok,
ff_test_000143,FF-Face2Face-c23,1,Xception,visual,0.891,probability,82.43,N/A,N/A,ok,
ff_test_000144,FF-Face2Face-c23,1,Xception,visual,0.8097,probability,82.11,N/A,N/A,ok,
ff_test_000145,FF-Face2Face-c23,1,Xception,visual,0.9623,probability,84.21,N/A,N/A,ok,
ff_test_000146,FF-Face2Face-c23,1,Xception,visual,0.9929,probability,83.8,N/A,N/A,ok,
ff_test_000147,FF-Face2Face-c23,1,Xception,visual,0.9551,probability,82.04,N/A,N/A,ok,
ff_test_000148,FF-Face2Face-c23,1,Xception,visual,0.9903,probability,78.47,N/A,N/A,ok,
ff_test_000149,FF-Face2Face-c23,1,Xception,visual,0.7689,probability,81.61,N/A,N/A,ok,
ff_test_000150,FF-Face2Face-c23,1,Xception,visual,0.9653,probability,99.23,N/A,N/A,ok,
ff_test_000151,FF-Face2Face-c23,1,Xception,visual,0.9055,probability,88.07,N/A,N/A,ok,
ff_test_000152,FF-Face2Face-c23,1,Xception,visual,0.7847,probability,80.86,N/A,N/A,ok,
ff_test_000153,FF-Face2Face-c23,1,Xception,visual,0.5105,probability,79.14,N/A,N/A,ok,
ff_test_000154,FF-Face2Face-c23,1,Xception,visual,0.9249,probability,78.81,N/A,N/A,ok,
ff_test_000155,FF-Face2Face-c23,1,Xception,visual,0.9929,probability,79.28,N/A,N/A,ok,
ff_test_000156,FF-Face2Face-c23,1,Xception,visual,0.97,probability,84.75,N/A,N/A,ok,
ff_test_000157,FF-Face2Face-c23,1,Xception,visual,0.9922,probability,83.71,N/A,N/A,ok,
ff_test_000158,FF-Face2Face-c23,1,Xception,visual,0.9981,probability,87.52,N/A,N/A,ok,
ff_test_000159,FF-Face2Face-c23,1,Xception,visual,0.9435,probability,80.75,N/A,N/A,ok,
ff_test_000160,FF-Face2Face-c23,1,Xception,visual,0.9113,probability,80.73,N/A,N/A,ok,
ff_test_000161,FF-Face2Face-c23,1,Xception,visual,0.998,probability,85.39,N/A,N/A,ok,
ff_test_000162,FF-Face2Face-c23,1,Xception,visual,0.853,probability,89.96,N/A,N/A,ok,
ff_test_000163,FF-Face2Face-c23,1,Xception,visual,0.9931,probability,91.19,N/A,N/A,ok,
ff_test_000164,FF-Face2Face-c23,1,Xception,visual,0.9945,probability,84.86,N/A,N/A,ok,
ff_test_000165,FF-Face2Face-c23,1,Xception,visual,0.987,probability,89.05,N/A,N/A,ok,
ff_test_000166,FF-Face2Face-c23,1,Xception,visual,0.993,probability,85.18,N/A,N/A,ok,
ff_test_000167,FF-Face2Face-c23,1,Xception,visual,0.8968,probability,84.05,N/A,N/A,ok,
ff_test_000168,FF-Face2Face-c23,1,Xception,visual,0.9946,probability,83.11,N/A,N/A,ok,
ff_test_000169,FF-Face2Face-c23,1,Xception,visual,0.9759,probability,79.72,N/A,N/A,ok,
ff_test_000170,FF-Face2Face-c23,1,Xception,visual,0.9975,probability,87.33,N/A,N/A,ok,
ff_test_000171,FF-Face2Face-c23,1,Xception,visual,0.9623,probability,88.22,N/A,N/A,ok,
ff_test_000172,FF-Face2Face-c23,1,Xception,visual,0.7861,probability,94.56,N/A,N/A,ok,
ff_test_000173,FF-Face2Face-c23,1,Xception,visual,0.611,probability,80.0,N/A,N/A,ok,
ff_test_000174,FF-Face2Face-c23,1,Xception,visual,0.9972,probability,89.4,N/A,N/A,ok,
ff_test_000175,FF-Face2Face-c23,1,Xception,visual,0.998,probability,84.41,N/A,N/A,ok,
ff_test_000176,FF-Face2Face-c23,1,Xception,visual,0.9643,probability,89.12,N/A,N/A,ok,
ff_test_000177,FF-Face2Face-c23,1,Xception,visual,0.9555,probability,89.07,N/A,N/A,ok,
ff_test_000178,FF-Face2Face-c23,1,Xception,visual,0.992,probability,90.48,N/A,N/A,ok,
ff_test_000179,FF-Face2Face-c23,1,Xception,visual,0.9954,probability,81.58,N/A,N/A,ok,
ff_test_000180,FF-Face2Face-c23,1,Xception,visual,0.9781,probability,87.48,N/A,N/A,ok,
ff_test_000181,FF-Face2Face-c23,1,Xception,visual,0.9972,probability,85.74,N/A,N/A,ok,
ff_test_000182,FF-Face2Face-c23,1,Xception,visual,0.9796,probability,87.44,N/A,N/A,ok,
ff_test_000183,FF-Face2Face-c23,1,Xception,visual,0.8192,probability,83.15,N/A,N/A,ok,
ff_test_000184,FF-Face2Face-c23,1,Xception,visual,0.9727,probability,87.41,N/A,N/A,ok,
ff_test_000185,FF-Face2Face-c23,1,Xception,visual,0.9736,probability,91.27,N/A,N/A,ok,
ff_test_000186,FF-Face2Face-c23,1,Xception,visual,0.9639,probability,86.22,N/A,N/A,ok,
ff_test_000187,FF-Face2Face-c23,1,Xception,visual,0.9782,probability,84.57,N/A,N/A,ok,
ff_test_000188,FF-Face2Face-c23,1,Xception,visual,0.9923,probability,86.04,N/A,N/A,ok,
ff_test_000189,FF-Face2Face-c23,1,Xception,visual,0.9942,probability,83.19,N/A,N/A,ok,
ff_test_000190,FF-Face2Face-c23,1,Xception,visual,0.9568,probability,91.5,N/A,N/A,ok,
ff_test_000191,FF-Face2Face-c23,1,Xception,visual,0.7765,probability,81.7,N/A,N/A,ok,
ff_test_000192,FF-Face2Face-c23,1,Xception,visual,0.9619,probability,84.57,N/A,N/A,ok,
ff_test_000193,FF-Face2Face-c23,1,Xception,visual,0.9874,probability,90.63,N/A,N/A,ok,
ff_test_000194,FF-Face2Face-c23,1,Xception,visual,0.9915,probability,85.67,N/A,N/A,ok,
ff_test_000195,FF-Face2Face-c23,1,Xception,visual,0.82,probability,97.94,N/A,N/A,ok,
ff_test_000196,FF-Face2Face-c23,1,Xception,visual,0.9966,probability,81.79,N/A,N/A,ok,
ff_test_000197,FF-Face2Face-c23,1,Xception,visual,0.994,probability,91.09,N/A,N/A,ok,
ff_test_000198,FF-Face2Face-c23,1,Xception,visual,0.9999,probability,95.98,N/A,N/A,ok,
ff_test_000199,FF-Face2Face-c23,1,Xception,visual,0.9974,probability,118.78,N/A,N/A,ok,
ff_test_000200,FF-Face2Face-c23,1,Xception,visual,0.9992,probability,148.27,N/A,N/A,ok,
ff_test_000201,FF-Face2Face-c23,1,Xception,visual,0.6878,probability,115.03,N/A,N/A,ok,
ff_test_000202,FF-Face2Face-c23,1,Xception,visual,0.991,probability,137.16,N/A,N/A,ok,
ff_test_000203,FF-Face2Face-c23,1,Xception,visual,0.9995,probability,114.86,N/A,N/A,ok,
ff_test_000204,FF-Face2Face-c23,1,Xception,visual,0.9918,probability,111.26,N/A,N/A,ok,
ff_test_000205,FF-Face2Face-c23,1,Xception,visual,0.8398,probability,142.36,N/A,N/A,ok,
ff_test_000206,FF-Face2Face-c23,1,Xception,visual,0.9654,probability,124.86,N/A,N/A,ok,
ff_test_000207,FF-Face2Face-c23,1,Xception,visual,0.9899,probability,171.32,N/A,N/A,ok,
ff_test_000208,FF-Face2Face-c23,1,Xception,visual,0.9949,probability,105.17,N/A,N/A,ok,
ff_test_000209,FF-Face2Face-c23,1,Xception,visual,0.9993,probability,114.08,N/A,N/A,ok,
ff_test_000210,FF-Face2Face-c23,1,Xception,visual,0.9708,probability,111.46,N/A,N/A,ok,
ff_test_000211,FF-Face2Face-c23,1,Xception,visual,0.9929,probability,101.85,N/A,N/A,ok,
ff_test_000212,FF-Face2Face-c23,1,Xception,visual,0.9944,probability,103.39,N/A,N/A,ok,
ff_test_000213,FF-Face2Face-c23,1,Xception,visual,0.9739,probability,101.53,N/A,N/A,ok,
ff_test_000214,FF-Face2Face-c23,1,Xception,visual,0.7763,probability,98.23,N/A,N/A,ok,
ff_test_000215,FF-Face2Face-c23,1,Xception,visual,0.9855,probability,95.88,N/A,N/A,ok,
ff_test_000216,FF-Face2Face-c23,1,Xception,visual,0.9924,probability,102.43,N/A,N/A,ok,
ff_test_000217,FF-Face2Face-c23,1,Xception,visual,0.9983,probability,105.66,N/A,N/A,ok,
ff_test_000218,FF-Face2Face-c23,1,Xception,visual,0.9943,probability,104.69,N/A,N/A,ok,
ff_test_000219,FF-Face2Face-c23,1,Xception,visual,0.9517,probability,103.58,N/A,N/A,ok,
ff_test_000220,FF-Face2Face-c23,1,Xception,visual,0.9174,probability,119.1,N/A,N/A,ok,
ff_test_000221,FF-Face2Face-c23,1,Xception,visual,0.9984,probability,94.48,N/A,N/A,ok,
ff_test_000222,FF-Face2Face-c23,1,Xception,visual,0.839,probability,84.86,N/A,N/A,ok,
ff_test_000223,FF-Face2Face-c23,1,Xception,visual,0.9972,probability,86.16,N/A,N/A,ok,
ff_test_000224,FF-Face2Face-c23,1,Xception,visual,0.9723,probability,104.4,N/A,N/A,ok,
ff_test_000225,FF-Face2Face-c23,1,Xception,visual,0.9954,probability,97.07,N/A,N/A,ok,
ff_test_000226,FF-Face2Face-c23,1,Xception,visual,0.9298,probability,114.35,N/A,N/A,ok,
ff_test_000227,FF-Face2Face-c23,1,Xception,visual,0.8728,probability,105.93,N/A,N/A,ok,
ff_test_000228,FF-Face2Face-c23,1,Xception,visual,0.9926,probability,94.57,N/A,N/A,ok,
ff_test_000229,FF-Face2Face-c23,1,Xception,visual,0.9956,probability,108.78,N/A,N/A,ok,
ff_test_000230,FF-Face2Face-c23,1,Xception,visual,0.9975,probability,103.76,N/A,N/A,ok,
ff_test_000231,FF-Face2Face-c23,1,Xception,visual,0.9414,probability,95.48,N/A,N/A,ok,
ff_test_000232,FF-Face2Face-c23,1,Xception,visual,0.9876,probability,85.54,N/A,N/A,ok,
ff_test_000233,FF-Face2Face-c23,1,Xception,visual,0.9954,probability,84.23,N/A,N/A,ok,
ff_test_000234,FF-Face2Face-c23,1,Xception,visual,0.9702,probability,95.86,N/A,N/A,ok,
ff_test_000235,FF-Face2Face-c23,1,Xception,visual,0.9939,probability,86.19,N/A,N/A,ok,
ff_test_000236,FF-Face2Face-c23,1,Xception,visual,0.9893,probability,112.64,N/A,N/A,ok,
ff_test_000237,FF-Face2Face-c23,1,Xception,visual,0.893,probability,93.92,N/A,N/A,ok,
ff_test_000238,FF-Face2Face-c23,1,Xception,visual,0.9846,probability,106.14,N/A,N/A,ok,
ff_test_000239,FF-Face2Face-c23,1,Xception,visual,0.9634,probability,103.57,N/A,N/A,ok,
ff_test_000240,FF-Face2Face-c23,1,Xception,visual,0.9993,probability,101.52,N/A,N/A,ok,
ff_test_000241,FF-Face2Face-c23,1,Xception,visual,0.8687,probability,100.12,N/A,N/A,ok,
ff_test_000242,FF-Face2Face-c23,1,Xception,visual,0.9941,probability,99.89,N/A,N/A,ok,
ff_test_000243,FF-Face2Face-c23,1,Xception,visual,0.9945,probability,91.3,N/A,N/A,ok,
ff_test_000244,FF-Face2Face-c23,1,Xception,visual,0.9507,probability,105.76,N/A,N/A,ok,
ff_test_000245,FF-Face2Face-c23,1,Xception,visual,0.9853,probability,91.15,N/A,N/A,ok,
ff_test_000246,FF-Face2Face-c23,1,Xception,visual,0.9996,probability,105.36,N/A,N/A,ok,
ff_test_000247,FF-Face2Face-c23,1,Xception,visual,0.9996,probability,111.48,N/A,N/A,ok,
ff_test_000248,FF-Face2Face-c23,1,Xception,visual,0.9957,probability,92.46,N/A,N/A,ok,
ff_test_000249,FF-Face2Face-c23,1,Xception,visual,0.9265,probability,93.12,N/A,N/A,ok,
ff_test_000250,FF-Face2Face-c23,1,Xception,visual,0.9993,probability,98.78,N/A,N/A,ok,
ff_test_000251,FF-Face2Face-c23,1,Xception,visual,0.9924,probability,97.46,N/A,N/A,ok,
ff_test_000252,FF-Face2Face-c23,1,Xception,visual,0.9928,probability,99.75,N/A,N/A,ok,
ff_test_000253,FF-Face2Face-c23,1,Xception,visual,0.8691,probability,86.97,N/A,N/A,ok,
ff_test_000254,FF-Face2Face-c23,1,Xception,visual,0.9991,probability,96.51,N/A,N/A,ok,
ff_test_000255,FF-Face2Face-c23,1,Xception,visual,0.8713,probability,96.53,N/A,N/A,ok,
ff_test_000256,FF-Face2Face-c23,1,Xception,visual,0.9848,probability,88.67,N/A,N/A,ok,
ff_test_000257,FF-Face2Face-c23,1,Xception,visual,0.9963,probability,87.57,N/A,N/A,ok,
ff_test_000258,FF-Face2Face-c23,1,Xception,visual,0.9775,probability,102.56,N/A,N/A,ok,
ff_test_000259,FF-Face2Face-c23,1,Xception,visual,0.7927,probability,103.98,N/A,N/A,ok,
ff_test_000260,FF-Face2Face-c23,1,Xception,visual,0.9911,probability,93.39,N/A,N/A,ok,
ff_test_000261,FF-Face2Face-c23,1,Xception,visual,0.9876,probability,94.33,N/A,N/A,ok,
ff_test_000262,FF-Face2Face-c23,1,Xception,visual,0.9442,probability,82.15,N/A,N/A,ok,
ff_test_000263,FF-Face2Face-c23,1,Xception,visual,0.9176,probability,94.76,N/A,N/A,ok,
ff_test_000264,FF-Face2Face-c23,1,Xception,visual,0.9731,probability,90.19,N/A,N/A,ok,
ff_test_000265,FF-Face2Face-c23,1,Xception,visual,0.9523,probability,103.4,N/A,N/A,ok,
ff_test_000266,FF-Face2Face-c23,1,Xception,visual,0.9913,probability,101.01,N/A,N/A,ok,
ff_test_000267,FF-Face2Face-c23,1,Xception,visual,0.9942,probability,112.43,N/A,N/A,ok,
ff_test_000268,FF-Face2Face-c23,1,Xception,visual,0.9451,probability,93.34,N/A,N/A,ok,
ff_test_000269,FF-Face2Face-c23,1,Xception,visual,0.9679,probability,111.59,N/A,N/A,ok,
ff_test_000270,FF-Face2Face-c23,1,Xception,visual,0.9985,probability,97.86,N/A,N/A,ok,
ff_test_000271,FF-Face2Face-c23,1,Xception,visual,0.9728,probability,98.51,N/A,N/A,ok,
ff_test_000272,FF-Face2Face-c23,1,Xception,visual,0.9988,probability,82.81,N/A,N/A,ok,
ff_test_000273,FF-Face2Face-c23,1,Xception,visual,0.9902,probability,93.21,N/A,N/A,ok,
ff_test_000274,FF-Face2Face-c23,1,Xception,visual,0.7727,probability,96.73,N/A,N/A,ok,
ff_test_000275,FF-Face2Face-c23,1,Xception,visual,0.9961,probability,100.91,N/A,N/A,ok,
ff_test_000276,FF-Face2Face-c23,1,Xception,visual,0.9848,probability,101.46,N/A,N/A,ok,
ff_test_000277,FF-Face2Face-c23,1,Xception,visual,0.9871,probability,105.3,N/A,N/A,ok,
ff_test_000278,FF-Face2Face-c23,1,Xception,visual,0.9331,probability,86.43,N/A,N/A,ok,
ff_test_000279,FF-Face2Face-c23,1,Xception,visual,0.8897,probability,104.18,N/A,N/A,ok,
ff_test_000280,FF-FaceSwap-c23,1,Xception,visual,0.9738,probability,99.4,N/A,N/A,ok,
ff_test_000281,FF-FaceSwap-c23,1,Xception,visual,0.9309,probability,96.67,N/A,N/A,ok,
ff_test_000282,FF-FaceSwap-c23,1,Xception,visual,0.941,probability,97.02,N/A,N/A,ok,
ff_test_000283,FF-FaceSwap-c23,1,Xception,visual,0.9849,probability,120.74,N/A,N/A,ok,
ff_test_000284,FF-FaceSwap-c23,1,Xception,visual,0.7882,probability,100.29,N/A,N/A,ok,
ff_test_000285,FF-FaceSwap-c23,1,Xception,visual,0.9901,probability,89.61,N/A,N/A,ok,
ff_test_000286,FF-FaceSwap-c23,1,Xception,visual,0.8981,probability,103.58,N/A,N/A,ok,
ff_test_000287,FF-FaceSwap-c23,1,Xception,visual,0.849,probability,119.53,N/A,N/A,ok,
ff_test_000288,FF-FaceSwap-c23,1,Xception,visual,0.701,probability,138.54,N/A,N/A,ok,
ff_test_000289,FF-FaceSwap-c23,1,Xception,visual,0.9892,probability,130.35,N/A,N/A,ok,
ff_test_000290,FF-FaceSwap-c23,1,Xception,visual,0.9935,probability,107.66,N/A,N/A,ok,
ff_test_000291,FF-FaceSwap-c23,1,Xception,visual,0.7333,probability,117.62,N/A,N/A,ok,
ff_test_000292,FF-FaceSwap-c23,1,Xception,visual,0.7558,probability,116.19,N/A,N/A,ok,
ff_test_000293,FF-FaceSwap-c23,1,Xception,visual,0.9825,probability,108.52,N/A,N/A,ok,
ff_test_000294,FF-FaceSwap-c23,1,Xception,visual,0.9566,probability,105.61,N/A,N/A,ok,
ff_test_000295,FF-FaceSwap-c23,1,Xception,visual,0.9904,probability,128.84,N/A,N/A,ok,
ff_test_000296,FF-FaceSwap-c23,1,Xception,visual,0.9966,probability,189.42,N/A,N/A,ok,
ff_test_000297,FF-FaceSwap-c23,1,Xception,visual,0.9904,probability,128.89,N/A,N/A,ok,
ff_test_000298,FF-FaceSwap-c23,1,Xception,visual,0.9591,probability,159.81,N/A,N/A,ok,
ff_test_000299,FF-FaceSwap-c23,1,Xception,visual,0.9879,probability,104.44,N/A,N/A,ok,
ff_test_000300,FF-FaceSwap-c23,1,Xception,visual,0.9843,probability,116.99,N/A,N/A,ok,
ff_test_000301,FF-FaceSwap-c23,1,Xception,visual,0.8281,probability,136.6,N/A,N/A,ok,
ff_test_000302,FF-FaceSwap-c23,1,Xception,visual,0.9459,probability,141.93,N/A,N/A,ok,
ff_test_000303,FF-FaceSwap-c23,1,Xception,visual,0.995,probability,146.4,N/A,N/A,ok,
ff_test_000304,FF-FaceSwap-c23,1,Xception,visual,0.8289,probability,136.56,N/A,N/A,ok,
ff_test_000305,FF-FaceSwap-c23,1,Xception,visual,0.6935,probability,138.4,N/A,N/A,ok,
ff_test_000306,FF-FaceSwap-c23,1,Xception,visual,0.9154,probability,163.28,N/A,N/A,ok,
ff_test_000307,FF-FaceSwap-c23,1,Xception,visual,0.7828,probability,133.56,N/A,N/A,ok,
ff_test_000308,FF-FaceSwap-c23,1,Xception,visual,0.8891,probability,170.79,N/A,N/A,ok,
ff_test_000309,FF-FaceSwap-c23,1,Xception,visual,0.9675,probability,131.17,N/A,N/A,ok,
ff_test_000310,FF-FaceSwap-c23,1,Xception,visual,0.9395,probability,141.19,N/A,N/A,ok,
ff_test_000311,FF-FaceSwap-c23,1,Xception,visual,0.9786,probability,180.39,N/A,N/A,ok,
ff_test_000312,FF-FaceSwap-c23,1,Xception,visual,0.9468,probability,138.39,N/A,N/A,ok,
ff_test_000313,FF-FaceSwap-c23,1,Xception,visual,0.7391,probability,129.78,N/A,N/A,ok,
ff_test_000314,FF-FaceSwap-c23,1,Xception,visual,0.9733,probability,153.75,N/A,N/A,ok,
ff_test_000315,FF-FaceSwap-c23,1,Xception,visual,0.8783,probability,164.58,N/A,N/A,ok,
ff_test_000316,FF-FaceSwap-c23,1,Xception,visual,0.909,probability,191.83,N/A,N/A,ok,
ff_test_000317,FF-FaceSwap-c23,1,Xception,visual,0.9834,probability,110.16,N/A,N/A,ok,
ff_test_000318,FF-FaceSwap-c23,1,Xception,visual,0.9705,probability,124.92,N/A,N/A,ok,
ff_test_000319,FF-FaceSwap-c23,1,Xception,visual,0.9313,probability,112.3,N/A,N/A,ok,
ff_test_000320,FF-FaceSwap-c23,1,Xception,visual,0.955,probability,106.69,N/A,N/A,ok,
ff_test_000321,FF-FaceSwap-c23,1,Xception,visual,0.9886,probability,103.0,N/A,N/A,ok,
ff_test_000322,FF-FaceSwap-c23,1,Xception,visual,0.9834,probability,107.51,N/A,N/A,ok,
ff_test_000323,FF-FaceSwap-c23,1,Xception,visual,0.805,probability,110.48,N/A,N/A,ok,
ff_test_000324,FF-FaceSwap-c23,1,Xception,visual,0.8892,probability,104.33,N/A,N/A,ok,
ff_test_000325,FF-FaceSwap-c23,1,Xception,visual,0.9866,probability,127.58,N/A,N/A,ok,
ff_test_000326,FF-FaceSwap-c23,1,Xception,visual,0.7384,probability,112.52,N/A,N/A,ok,
ff_test_000327,FF-FaceSwap-c23,1,Xception,visual,0.5545,probability,115.74,N/A,N/A,ok,
ff_test_000328,FF-FaceSwap-c23,1,Xception,visual,0.9769,probability,112.58,N/A,N/A,ok,
ff_test_000329,FF-FaceSwap-c23,1,Xception,visual,0.9551,probability,97.68,N/A,N/A,ok,
ff_test_000330,FF-FaceSwap-c23,1,Xception,visual,0.9746,probability,115.9,N/A,N/A,ok,
ff_test_000331,FF-FaceSwap-c23,1,Xception,visual,0.9765,probability,100.16,N/A,N/A,ok,
ff_test_000332,FF-FaceSwap-c23,1,Xception,visual,0.7137,probability,104.41,N/A,N/A,ok,
ff_test_000333,FF-FaceSwap-c23,1,Xception,visual,0.9961,probability,106.51,N/A,N/A,ok,
ff_test_000334,FF-FaceSwap-c23,1,Xception,visual,0.9871,probability,92.86,N/A,N/A,ok,
ff_test_000335,FF-FaceSwap-c23,1,Xception,visual,0.8767,probability,125.97,N/A,N/A,ok,
ff_test_000336,FF-FaceSwap-c23,1,Xception,visual,0.9602,probability,120.92,N/A,N/A,ok,
ff_test_000337,FF-FaceSwap-c23,1,Xception,visual,0.6876,probability,137.76,N/A,N/A,ok,
ff_test_000338,FF-FaceSwap-c23,1,Xception,visual,0.9953,probability,99.41,N/A,N/A,ok,
ff_test_000339,FF-FaceSwap-c23,1,Xception,visual,0.8934,probability,95.85,N/A,N/A,ok,
ff_test_000340,FF-FaceSwap-c23,1,Xception,visual,0.9869,probability,125.46,N/A,N/A,ok,
ff_test_000341,FF-FaceSwap-c23,1,Xception,visual,0.9485,probability,115.67,N/A,N/A,ok,
ff_test_000342,FF-FaceSwap-c23,1,Xception,visual,0.9918,probability,113.82,N/A,N/A,ok,
ff_test_000343,FF-FaceSwap-c23,1,Xception,visual,0.9783,probability,118.97,N/A,N/A,ok,
ff_test_000344,FF-FaceSwap-c23,1,Xception,visual,0.971,probability,110.76,N/A,N/A,ok,
ff_test_000345,FF-FaceSwap-c23,1,Xception,visual,0.9732,probability,141.0,N/A,N/A,ok,
ff_test_000346,FF-FaceSwap-c23,1,Xception,visual,0.9871,probability,138.25,N/A,N/A,ok,
ff_test_000347,FF-FaceSwap-c23,1,Xception,visual,0.9565,probability,112.27,N/A,N/A,ok,
ff_test_000348,FF-FaceSwap-c23,1,Xception,visual,0.9788,probability,121.1,N/A,N/A,ok,
ff_test_000349,FF-FaceSwap-c23,1,Xception,visual,0.9909,probability,111.43,N/A,N/A,ok,
ff_test_000350,FF-FaceSwap-c23,1,Xception,visual,0.9902,probability,137.45,N/A,N/A,ok,
ff_test_000351,FF-FaceSwap-c23,1,Xception,visual,0.9798,probability,121.02,N/A,N/A,ok,
ff_test_000352,FF-FaceSwap-c23,1,Xception,visual,0.6923,probability,100.11,N/A,N/A,ok,
ff_test_000353,FF-FaceSwap-c23,1,Xception,visual,0.9581,probability,108.33,N/A,N/A,ok,
ff_test_000354,FF-FaceSwap-c23,1,Xception,visual,0.9447,probability,107.02,N/A,N/A,ok,
ff_test_000355,FF-FaceSwap-c23,1,Xception,visual,0.9529,probability,123.56,N/A,N/A,ok,
ff_test_000356,FF-FaceSwap-c23,1,Xception,visual,0.9675,probability,117.89,N/A,N/A,ok,
ff_test_000357,FF-FaceSwap-c23,1,Xception,visual,0.9946,probability,107.35,N/A,N/A,ok,
ff_test_000358,FF-FaceSwap-c23,1,Xception,visual,0.9706,probability,98.19,N/A,N/A,ok,
ff_test_000359,FF-FaceSwap-c23,1,Xception,visual,0.9154,probability,126.49,N/A,N/A,ok,
ff_test_000360,FF-FaceSwap-c23,1,Xception,visual,0.9377,probability,110.12,N/A,N/A,ok,
ff_test_000361,FF-FaceSwap-c23,1,Xception,visual,0.9992,probability,111.7,N/A,N/A,ok,
ff_test_000362,FF-FaceSwap-c23,1,Xception,visual,0.9842,probability,102.39,N/A,N/A,ok,
ff_test_000363,FF-FaceSwap-c23,1,Xception,visual,0.988,probability,103.58,N/A,N/A,ok,
ff_test_000364,FF-FaceSwap-c23,1,Xception,visual,0.975,probability,104.23,N/A,N/A,ok,
ff_test_000365,FF-FaceSwap-c23,1,Xception,visual,0.9262,probability,96.56,N/A,N/A,ok,
ff_test_000366,FF-FaceSwap-c23,1,Xception,visual,0.9901,probability,109.07,N/A,N/A,ok,
ff_test_000367,FF-FaceSwap-c23,1,Xception,visual,0.9772,probability,87.93,N/A,N/A,ok,
ff_test_000368,FF-FaceSwap-c23,1,Xception,visual,0.9865,probability,112.55,N/A,N/A,ok,
ff_test_000369,FF-FaceSwap-c23,1,Xception,visual,0.9658,probability,106.59,N/A,N/A,ok,
ff_test_000370,FF-FaceSwap-c23,1,Xception,visual,0.9954,probability,121.21,N/A,N/A,ok,
ff_test_000371,FF-FaceSwap-c23,1,Xception,visual,0.9072,probability,107.7,N/A,N/A,ok,
ff_test_000372,FF-FaceSwap-c23,1,Xception,visual,0.9908,probability,106.73,N/A,N/A,ok,
ff_test_000373,FF-FaceSwap-c23,1,Xception,visual,0.8992,probability,116.6,N/A,N/A,ok,
ff_test_000374,FF-FaceSwap-c23,1,Xception,visual,0.9804,probability,107.53,N/A,N/A,ok,
ff_test_000375,FF-FaceSwap-c23,1,Xception,visual,0.9853,probability,107.89,N/A,N/A,ok,
ff_test_000376,FF-FaceSwap-c23,1,Xception,visual,0.99,probability,112.68,N/A,N/A,ok,
ff_test_000377,FF-FaceSwap-c23,1,Xception,visual,0.6024,probability,126.43,N/A,N/A,ok,
ff_test_000378,FF-FaceSwap-c23,1,Xception,visual,0.9937,probability,117.29,N/A,N/A,ok,
ff_test_000379,FF-FaceSwap-c23,1,Xception,visual,0.9962,probability,133.94,N/A,N/A,ok,
ff_test_000380,FF-FaceSwap-c23,1,Xception,visual,0.9778,probability,114.3,N/A,N/A,ok,
ff_test_000381,FF-FaceSwap-c23,1,Xception,visual,0.9195,probability,106.99,N/A,N/A,ok,
ff_test_000382,FF-FaceSwap-c23,1,Xception,visual,0.7255,probability,105.48,N/A,N/A,ok,
ff_test_000383,FF-FaceSwap-c23,1,Xception,visual,0.9874,probability,143.45,N/A,N/A,ok,
ff_test_000384,FF-FaceSwap-c23,1,Xception,visual,0.9246,probability,145.33,N/A,N/A,ok,
ff_test_000385,FF-FaceSwap-c23,1,Xception,visual,0.9946,probability,149.66,N/A,N/A,ok,
ff_test_000386,FF-FaceSwap-c23,1,Xception,visual,0.8075,probability,207.15,N/A,N/A,ok,
ff_test_000387,FF-FaceSwap-c23,1,Xception,visual,0.9994,probability,195.92,N/A,N/A,ok,
ff_test_000388,FF-FaceSwap-c23,1,Xception,visual,0.9822,probability,190.67,N/A,N/A,ok,
ff_test_000389,FF-FaceSwap-c23,1,Xception,visual,0.9692,probability,148.91,N/A,N/A,ok,
ff_test_000390,FF-FaceSwap-c23,1,Xception,visual,0.9425,probability,169.53,N/A,N/A,ok,
ff_test_000391,FF-FaceSwap-c23,1,Xception,visual,0.9976,probability,193.49,N/A,N/A,ok,
ff_test_000392,FF-FaceSwap-c23,1,Xception,visual,0.9131,probability,183.09,N/A,N/A,ok,
ff_test_000393,FF-FaceSwap-c23,1,Xception,visual,0.7814,probability,181.75,N/A,N/A,ok,
ff_test_000394,FF-FaceSwap-c23,1,Xception,visual,0.7847,probability,172.68,N/A,N/A,ok,
ff_test_000395,FF-FaceSwap-c23,1,Xception,visual,0.9218,probability,139.7,N/A,N/A,ok,
ff_test_000396,FF-FaceSwap-c23,1,Xception,visual,0.9276,probability,157.14,N/A,N/A,ok,
ff_test_000397,FF-FaceSwap-c23,1,Xception,visual,0.953,probability,112.21,N/A,N/A,ok,
ff_test_000398,FF-FaceSwap-c23,1,Xception,visual,0.7687,probability,98.86,N/A,N/A,ok,
ff_test_000399,FF-FaceSwap-c23,1,Xception,visual,0.9412,probability,100.23,N/A,N/A,ok,
ff_test_000400,FF-FaceSwap-c23,1,Xception,visual,0.9842,probability,142.97,N/A,N/A,ok,
ff_test_000401,FF-FaceSwap-c23,1,Xception,visual,0.9632,probability,121.68,N/A,N/A,ok,
ff_test_000402,FF-FaceSwap-c23,1,Xception,visual,0.9743,probability,100.7,N/A,N/A,ok,
ff_test_000403,FF-FaceSwap-c23,1,Xception,visual,0.9028,probability,113.44,N/A,N/A,ok,
ff_test_000404,FF-FaceSwap-c23,1,Xception,visual,0.8874,probability,144.26,N/A,N/A,ok,
ff_test_000405,FF-FaceSwap-c23,1,Xception,visual,0.9087,probability,116.96,N/A,N/A,ok,
ff_test_000406,FF-FaceSwap-c23,1,Xception,visual,0.9849,probability,108.02,N/A,N/A,ok,
ff_test_000407,FF-FaceSwap-c23,1,Xception,visual,0.9968,probability,159.97,N/A,N/A,ok,
ff_test_000408,FF-FaceSwap-c23,1,Xception,visual,0.8378,probability,107.48,N/A,N/A,ok,
ff_test_000409,FF-FaceSwap-c23,1,Xception,visual,0.9639,probability,138.82,N/A,N/A,ok,
ff_test_000410,FF-FaceSwap-c23,1,Xception,visual,0.9905,probability,160.99,N/A,N/A,ok,
ff_test_000411,FF-FaceSwap-c23,1,Xception,visual,0.9547,probability,126.23,N/A,N/A,ok,
ff_test_000412,FF-FaceSwap-c23,1,Xception,visual,0.9795,probability,112.65,N/A,N/A,ok,
ff_test_000413,FF-FaceSwap-c23,1,Xception,visual,0.8746,probability,152.9,N/A,N/A,ok,
ff_test_000414,FF-FaceSwap-c23,1,Xception,visual,0.2967,probability,151.41,N/A,N/A,ok,
ff_test_000415,FF-FaceSwap-c23,1,Xception,visual,0.6903,probability,151.59,N/A,N/A,ok,
ff_test_000416,FF-FaceSwap-c23,1,Xception,visual,0.9928,probability,174.8,N/A,N/A,ok,
ff_test_000417,FF-FaceSwap-c23,1,Xception,visual,0.9408,probability,189.01,N/A,N/A,ok,
ff_test_000418,FF-FaceSwap-c23,1,Xception,visual,0.804,probability,150.09,N/A,N/A,ok,
ff_test_000419,FF-FaceSwap-c23,1,Xception,visual,0.9436,probability,135.66,N/A,N/A,ok,
ff_test_000420,FF-NeuralTextures-c23,1,Xception,visual,0.9508,probability,154.98,N/A,N/A,ok,
ff_test_000421,FF-NeuralTextures-c23,1,Xception,visual,0.7578,probability,133.04,N/A,N/A,ok,
ff_test_000422,FF-NeuralTextures-c23,1,Xception,visual,0.9575,probability,116.25,N/A,N/A,ok,
ff_test_000423,FF-NeuralTextures-c23,1,Xception,visual,0.9593,probability,107.08,N/A,N/A,ok,
ff_test_000424,FF-NeuralTextures-c23,1,Xception,visual,0.9671,probability,111.49,N/A,N/A,ok,
ff_test_000425,FF-NeuralTextures-c23,1,Xception,visual,0.957,probability,105.22,N/A,N/A,ok,
ff_test_000426,FF-NeuralTextures-c23,1,Xception,visual,0.9974,probability,129.54,N/A,N/A,ok,
ff_test_000427,FF-NeuralTextures-c23,1,Xception,visual,0.9483,probability,96.23,N/A,N/A,ok,
ff_test_000428,FF-NeuralTextures-c23,1,Xception,visual,0.9321,probability,124.57,N/A,N/A,ok,
ff_test_000429,FF-NeuralTextures-c23,1,Xception,visual,0.97,probability,105.9,N/A,N/A,ok,
ff_test_000430,FF-NeuralTextures-c23,1,Xception,visual,0.5051,probability,159.5,N/A,N/A,ok,
ff_test_000431,FF-NeuralTextures-c23,1,Xception,visual,0.9664,probability,132.35,N/A,N/A,ok,
ff_test_000432,FF-NeuralTextures-c23,1,Xception,visual,0.2222,probability,114.7,N/A,N/A,ok,
ff_test_000433,FF-NeuralTextures-c23,1,Xception,visual,0.7611,probability,124.52,N/A,N/A,ok,
ff_test_000434,FF-NeuralTextures-c23,1,Xception,visual,0.9214,probability,128.07,N/A,N/A,ok,
ff_test_000435,FF-NeuralTextures-c23,1,Xception,visual,0.9556,probability,170.7,N/A,N/A,ok,
ff_test_000436,FF-NeuralTextures-c23,1,Xception,visual,0.8917,probability,148.28,N/A,N/A,ok,
ff_test_000437,FF-NeuralTextures-c23,1,Xception,visual,0.8506,probability,181.97,N/A,N/A,ok,
ff_test_000438,FF-NeuralTextures-c23,1,Xception,visual,0.9867,probability,182.11,N/A,N/A,ok,
ff_test_000439,FF-NeuralTextures-c23,1,Xception,visual,0.9731,probability,157.29,N/A,N/A,ok,
ff_test_000440,FF-NeuralTextures-c23,1,Xception,visual,0.6462,probability,196.91,N/A,N/A,ok,
ff_test_000441,FF-NeuralTextures-c23,1,Xception,visual,0.9272,probability,206.51,N/A,N/A,ok,
ff_test_000442,FF-NeuralTextures-c23,1,Xception,visual,0.7775,probability,181.7,N/A,N/A,ok,
ff_test_000443,FF-NeuralTextures-c23,1,Xception,visual,0.9883,probability,121.02,N/A,N/A,ok,
ff_test_000444,FF-NeuralTextures-c23,1,Xception,visual,0.9669,probability,147.47,N/A,N/A,ok,
ff_test_000445,FF-NeuralTextures-c23,1,Xception,visual,0.9431,probability,125.16,N/A,N/A,ok,
ff_test_000446,FF-NeuralTextures-c23,1,Xception,visual,0.9727,probability,151.85,N/A,N/A,ok,
ff_test_000447,FF-NeuralTextures-c23,1,Xception,visual,0.9751,probability,111.82,N/A,N/A,ok,
ff_test_000448,FF-NeuralTextures-c23,1,Xception,visual,0.7783,probability,118.35,N/A,N/A,ok,
ff_test_000449,FF-NeuralTextures-c23,1,Xception,visual,0.8983,probability,106.07,N/A,N/A,ok,
ff_test_000450,FF-NeuralTextures-c23,1,Xception,visual,0.7981,probability,103.39,N/A,N/A,ok,
ff_test_000451,FF-NeuralTextures-c23,1,Xception,visual,0.9396,probability,135.13,N/A,N/A,ok,
ff_test_000452,FF-NeuralTextures-c23,1,Xception,visual,0.557,probability,111.1,N/A,N/A,ok,
ff_test_000453,FF-NeuralTextures-c23,1,Xception,visual,0.5656,probability,88.87,N/A,N/A,ok,
ff_test_000454,FF-NeuralTextures-c23,1,Xception,visual,0.823,probability,120.76,N/A,N/A,ok,
ff_test_000455,FF-NeuralTextures-c23,1,Xception,visual,0.9133,probability,125.19,N/A,N/A,ok,
ff_test_000456,FF-NeuralTextures-c23,1,Xception,visual,0.8353,probability,97.19,N/A,N/A,ok,
ff_test_000457,FF-NeuralTextures-c23,1,Xception,visual,0.7771,probability,98.69,N/A,N/A,ok,
ff_test_000458,FF-NeuralTextures-c23,1,Xception,visual,0.7359,probability,112.51,N/A,N/A,ok,
ff_test_000459,FF-NeuralTextures-c23,1,Xception,visual,0.8047,probability,153.23,N/A,N/A,ok,
ff_test_000460,FF-NeuralTextures-c23,1,Xception,visual,0.9663,probability,110.21,N/A,N/A,ok,
ff_test_000461,FF-NeuralTextures-c23,1,Xception,visual,0.7014,probability,96.5,N/A,N/A,ok,
ff_test_000462,FF-NeuralTextures-c23,1,Xception,visual,0.8452,probability,137.47,N/A,N/A,ok,
ff_test_000463,FF-NeuralTextures-c23,1,Xception,visual,0.604,probability,152.74,N/A,N/A,ok,
ff_test_000464,FF-NeuralTextures-c23,1,Xception,visual,0.8942,probability,110.94,N/A,N/A,ok,
ff_test_000465,FF-NeuralTextures-c23,1,Xception,visual,0.3008,probability,143.86,N/A,N/A,ok,
ff_test_000466,FF-NeuralTextures-c23,1,Xception,visual,0.928,probability,148.59,N/A,N/A,ok,
ff_test_000467,FF-NeuralTextures-c23,1,Xception,visual,0.7701,probability,130.59,N/A,N/A,ok,
ff_test_000468,FF-NeuralTextures-c23,1,Xception,visual,0.8703,probability,115.77,N/A,N/A,ok,
ff_test_000469,FF-NeuralTextures-c23,1,Xception,visual,0.9786,probability,131.53,N/A,N/A,ok,
ff_test_000470,FF-NeuralTextures-c23,1,Xception,visual,0.9365,probability,120.42,N/A,N/A,ok,
ff_test_000471,FF-NeuralTextures-c23,1,Xception,visual,0.7772,probability,107.57,N/A,N/A,ok,
ff_test_000472,FF-NeuralTextures-c23,1,Xception,visual,0.9574,probability,112.13,N/A,N/A,ok,
ff_test_000473,FF-NeuralTextures-c23,1,Xception,visual,0.8969,probability,106.13,N/A,N/A,ok,
ff_test_000474,FF-NeuralTextures-c23,1,Xception,visual,0.9813,probability,106.87,N/A,N/A,ok,
ff_test_000475,FF-NeuralTextures-c23,1,Xception,visual,0.7442,probability,103.36,N/A,N/A,ok,
ff_test_000476,FF-NeuralTextures-c23,1,Xception,visual,0.9649,probability,86.79,N/A,N/A,ok,
ff_test_000477,FF-NeuralTextures-c23,1,Xception,visual,0.9763,probability,104.78,N/A,N/A,ok,
ff_test_000478,FF-NeuralTextures-c23,1,Xception,visual,0.9886,probability,103.05,N/A,N/A,ok,
ff_test_000479,FF-NeuralTextures-c23,1,Xception,visual,0.9314,probability,94.73,N/A,N/A,ok,
ff_test_000480,FF-NeuralTextures-c23,1,Xception,visual,0.9773,probability,104.37,N/A,N/A,ok,
ff_test_000481,FF-NeuralTextures-c23,1,Xception,visual,0.4886,probability,91.78,N/A,N/A,ok,
ff_test_000482,FF-NeuralTextures-c23,1,Xception,visual,0.8624,probability,85.93,N/A,N/A,ok,
ff_test_000483,FF-NeuralTextures-c23,1,Xception,visual,0.9748,probability,97.56,N/A,N/A,ok,
ff_test_000484,FF-NeuralTextures-c23,1,Xception,visual,0.7262,probability,121.19,N/A,N/A,ok,
ff_test_000485,FF-NeuralTextures-c23,1,Xception,visual,0.8942,probability,91.31,N/A,N/A,ok,
ff_test_000486,FF-NeuralTextures-c23,1,Xception,visual,0.6703,probability,96.52,N/A,N/A,ok,
ff_test_000487,FF-NeuralTextures-c23,1,Xception,visual,0.9629,probability,91.77,N/A,N/A,ok,
ff_test_000488,FF-NeuralTextures-c23,1,Xception,visual,0.9726,probability,106.05,N/A,N/A,ok,
ff_test_000489,FF-NeuralTextures-c23,1,Xception,visual,0.978,probability,105.21,N/A,N/A,ok,
ff_test_000490,FF-NeuralTextures-c23,1,Xception,visual,0.7777,probability,111.34,N/A,N/A,ok,
ff_test_000491,FF-NeuralTextures-c23,1,Xception,visual,0.979,probability,97.47,N/A,N/A,ok,
ff_test_000492,FF-NeuralTextures-c23,1,Xception,visual,0.9571,probability,93.07,N/A,N/A,ok,
ff_test_000493,FF-NeuralTextures-c23,1,Xception,visual,0.9744,probability,108.06,N/A,N/A,ok,
ff_test_000494,FF-NeuralTextures-c23,1,Xception,visual,0.5624,probability,106.51,N/A,N/A,ok,
ff_test_000495,FF-NeuralTextures-c23,1,Xception,visual,0.9626,probability,103.55,N/A,N/A,ok,
ff_test_000496,FF-NeuralTextures-c23,1,Xception,visual,0.2083,probability,109.57,N/A,N/A,ok,
ff_test_000497,FF-NeuralTextures-c23,1,Xception,visual,0.996,probability,88.69,N/A,N/A,ok,
ff_test_000498,FF-NeuralTextures-c23,1,Xception,visual,0.9599,probability,105.74,N/A,N/A,ok,
ff_test_000499,FF-NeuralTextures-c23,1,Xception,visual,0.7905,probability,101.56,N/A,N/A,ok,
ff_test_000500,FF-NeuralTextures-c23,1,Xception,visual,0.9609,probability,96.34,N/A,N/A,ok,
ff_test_000501,FF-NeuralTextures-c23,1,Xception,visual,0.9875,probability,95.31,N/A,N/A,ok,
ff_test_000502,FF-NeuralTextures-c23,1,Xception,visual,0.6426,probability,95.11,N/A,N/A,ok,
ff_test_000503,FF-NeuralTextures-c23,1,Xception,visual,0.9502,probability,99.86,N/A,N/A,ok,
ff_test_000504,FF-NeuralTextures-c23,1,Xception,visual,0.9761,probability,97.01,N/A,N/A,ok,
ff_test_000505,FF-NeuralTextures-c23,1,Xception,visual,0.9736,probability,115.35,N/A,N/A,ok,
ff_test_000506,FF-NeuralTextures-c23,1,Xception,visual,0.6901,probability,125.64,N/A,N/A,ok,
ff_test_000507,FF-NeuralTextures-c23,1,Xception,visual,0.9741,probability,108.54,N/A,N/A,ok,
ff_test_000508,FF-NeuralTextures-c23,1,Xception,visual,0.9886,probability,108.51,N/A,N/A,ok,
ff_test_000509,FF-NeuralTextures-c23,1,Xception,visual,0.9631,probability,115.3,N/A,N/A,ok,
ff_test_000510,FF-NeuralTextures-c23,1,Xception,visual,0.9807,probability,133.33,N/A,N/A,ok,
ff_test_000511,FF-NeuralTextures-c23,1,Xception,visual,0.9799,probability,102.88,N/A,N/A,ok,
ff_test_000512,FF-NeuralTextures-c23,1,Xception,visual,0.6025,probability,116.19,N/A,N/A,ok,
ff_test_000513,FF-NeuralTextures-c23,1,Xception,visual,0.9175,probability,107.8,N/A,N/A,ok,
ff_test_000514,FF-NeuralTextures-c23,1,Xception,visual,0.9087,probability,105.47,N/A,N/A,ok,
ff_test_000515,FF-NeuralTextures-c23,1,Xception,visual,0.7475,probability,130.43,N/A,N/A,ok,
ff_test_000516,FF-NeuralTextures-c23,1,Xception,visual,0.985,probability,130.74,N/A,N/A,ok,
ff_test_000517,FF-NeuralTextures-c23,1,Xception,visual,0.6094,probability,129.96,N/A,N/A,ok,
ff_test_000518,FF-NeuralTextures-c23,1,Xception,visual,0.741,probability,100.77,N/A,N/A,ok,
ff_test_000519,FF-NeuralTextures-c23,1,Xception,visual,0.982,probability,93.92,N/A,N/A,ok,
ff_test_000520,FF-NeuralTextures-c23,1,Xception,visual,0.8091,probability,125.38,N/A,N/A,ok,
ff_test_000521,FF-NeuralTextures-c23,1,Xception,visual,0.8768,probability,100.03,N/A,N/A,ok,
ff_test_000522,FF-NeuralTextures-c23,1,Xception,visual,0.8847,probability,108.43,N/A,N/A,ok,
ff_test_000523,FF-NeuralTextures-c23,1,Xception,visual,0.9704,probability,112.46,N/A,N/A,ok,
ff_test_000524,FF-NeuralTextures-c23,1,Xception,visual,0.9636,probability,116.84,N/A,N/A,ok,
ff_test_000525,FF-NeuralTextures-c23,1,Xception,visual,0.7058,probability,124.8,N/A,N/A,ok,
ff_test_000526,FF-NeuralTextures-c23,1,Xception,visual,0.9952,probability,117.3,N/A,N/A,ok,
ff_test_000527,FF-NeuralTextures-c23,1,Xception,visual,0.9985,probability,120.3,N/A,N/A,ok,
ff_test_000528,FF-NeuralTextures-c23,1,Xception,visual,0.8883,probability,146.77,N/A,N/A,ok,
ff_test_000529,FF-NeuralTextures-c23,1,Xception,visual,0.8731,probability,121.91,N/A,N/A,ok,
ff_test_000530,FF-NeuralTextures-c23,1,Xception,visual,0.9226,probability,107.29,N/A,N/A,ok,
ff_test_000531,FF-NeuralTextures-c23,1,Xception,visual,0.8185,probability,113.45,N/A,N/A,ok,
ff_test_000532,FF-NeuralTextures-c23,1,Xception,visual,0.843,probability,115.55,N/A,N/A,ok,
ff_test_000533,FF-NeuralTextures-c23,1,Xception,visual,0.9516,probability,126.96,N/A,N/A,ok,
ff_test_000534,FF-NeuralTextures-c23,1,Xception,visual,0.9062,probability,160.27,N/A,N/A,ok,
ff_test_000535,FF-NeuralTextures-c23,1,Xception,visual,0.7912,probability,126.9,N/A,N/A,ok,
ff_test_000536,FF-NeuralTextures-c23,1,Xception,visual,0.8953,probability,119.29,N/A,N/A,ok,
ff_test_000537,FF-NeuralTextures-c23,1,Xception,visual,0.8699,probability,122.53,N/A,N/A,ok,
ff_test_000538,FF-NeuralTextures-c23,1,Xception,visual,0.2654,probability,126.09,N/A,N/A,ok,
ff_test_000539,FF-NeuralTextures-c23,1,Xception,visual,0.6821,probability,132.28,N/A,N/A,ok,
ff_test_000540,FF-NeuralTextures-c23,1,Xception,visual,0.8719,probability,148.33,N/A,N/A,ok,
ff_test_000541,FF-NeuralTextures-c23,1,Xception,visual,0.9631,probability,136.16,N/A,N/A,ok,
ff_test_000542,FF-NeuralTextures-c23,1,Xception,visual,0.7816,probability,101.11,N/A,N/A,ok,
ff_test_000543,FF-NeuralTextures-c23,1,Xception,visual,0.9309,probability,121.58,N/A,N/A,ok,
ff_test_000544,FF-NeuralTextures-c23,1,Xception,visual,0.9526,probability,133.01,N/A,N/A,ok,
ff_test_000545,FF-NeuralTextures-c23,1,Xception,visual,0.8603,probability,133.21,N/A,N/A,ok,
ff_test_000546,FF-NeuralTextures-c23,1,Xception,visual,0.9547,probability,110.17,N/A,N/A,ok,
ff_test_000547,FF-NeuralTextures-c23,1,Xception,visual,0.9921,probability,122.78,N/A,N/A,ok,
ff_test_000548,FF-NeuralTextures-c23,1,Xception,visual,0.9812,probability,119.98,N/A,N/A,ok,
ff_test_000549,FF-NeuralTextures-c23,1,Xception,visual,0.7641,probability,113.89,N/A,N/A,ok,
ff_test_000550,FF-NeuralTextures-c23,1,Xception,visual,0.9881,probability,129.88,N/A,N/A,ok,
ff_test_000551,FF-NeuralTextures-c23,1,Xception,visual,0.987,probability,122.84,N/A,N/A,ok,
ff_test_000552,FF-NeuralTextures-c23,1,Xception,visual,0.9464,probability,134.73,N/A,N/A,ok,
ff_test_000553,FF-NeuralTextures-c23,1,Xception,visual,0.9016,probability,113.14,N/A,N/A,ok,
ff_test_000554,FF-NeuralTextures-c23,1,Xception,visual,0.6832,probability,117.9,N/A,N/A,ok,
ff_test_000555,FF-NeuralTextures-c23,1,Xception,visual,0.9976,probability,130.01,N/A,N/A,ok,
ff_test_000556,FF-NeuralTextures-c23,1,Xception,visual,0.9528,probability,130.53,N/A,N/A,ok,
ff_test_000557,FF-NeuralTextures-c23,1,Xception,visual,0.8764,probability,137.28,N/A,N/A,ok,
ff_test_000558,FF-NeuralTextures-c23,1,Xception,visual,0.756,probability,120.35,N/A,N/A,ok,
ff_test_000559,FF-NeuralTextures-c23,1,Xception,visual,0.9177,probability,138.3,N/A,N/A,ok,
ff_test_000560,FF-Real-c23,0,Xception,visual,0.5104,probability,119.41,N/A,N/A,ok,
ff_test_000561,FF-Real-c23,0,Xception,visual,0.2186,probability,111.17,N/A,N/A,ok,
ff_test_000562,FF-Real-c23,0,Xception,visual,0.3162,probability,117.1,N/A,N/A,ok,
ff_test_000563,FF-Real-c23,0,Xception,visual,0.5226,probability,120.1,N/A,N/A,ok,
ff_test_000564,FF-Real-c23,0,Xception,visual,0.4054,probability,109.24,N/A,N/A,ok,
ff_test_000565,FF-Real-c23,0,Xception,visual,0.5433,probability,106.04,N/A,N/A,ok,
ff_test_000566,FF-Real-c23,0,Xception,visual,0.6262,probability,119.54,N/A,N/A,ok,
ff_test_000567,FF-Real-c23,0,Xception,visual,0.5156,probability,134.49,N/A,N/A,ok,
ff_test_000568,FF-Real-c23,0,Xception,visual,0.1185,probability,123.7,N/A,N/A,ok,
ff_test_000569,FF-Real-c23,0,Xception,visual,0.2395,probability,121.78,N/A,N/A,ok,
ff_test_000570,FF-Real-c23,0,Xception,visual,0.4455,probability,119.56,N/A,N/A,ok,
ff_test_000571,FF-Real-c23,0,Xception,visual,0.0169,probability,103.77,N/A,N/A,ok,
ff_test_000572,FF-Real-c23,0,Xception,visual,0.0357,probability,94.36,N/A,N/A,ok,
ff_test_000573,FF-Real-c23,0,Xception,visual,0.0646,probability,105.68,N/A,N/A,ok,
ff_test_000574,FF-Real-c23,0,Xception,visual,0.2327,probability,125.21,N/A,N/A,ok,
ff_test_000575,FF-Real-c23,0,Xception,visual,0.1712,probability,92.35,N/A,N/A,ok,
ff_test_000576,FF-Real-c23,0,Xception,visual,0.3498,probability,118.15,N/A,N/A,ok,
ff_test_000577,FF-Real-c23,0,Xception,visual,0.5072,probability,112.85,N/A,N/A,ok,
ff_test_000578,FF-Real-c23,0,Xception,visual,0.5746,probability,133.51,N/A,N/A,ok,
ff_test_000579,FF-Real-c23,0,Xception,visual,0.545,probability,108.21,N/A,N/A,ok,
ff_test_000580,FF-Real-c23,0,Xception,visual,0.1423,probability,125.61,N/A,N/A,ok,
ff_test_000581,FF-Real-c23,0,Xception,visual,0.4747,probability,103.47,N/A,N/A,ok,
ff_test_000582,FF-Real-c23,0,Xception,visual,0.3785,probability,95.75,N/A,N/A,ok,
ff_test_000583,FF-Real-c23,0,Xception,visual,0.1788,probability,123.52,N/A,N/A,ok,
ff_test_000584,FF-Real-c23,0,Xception,visual,0.4029,probability,122.97,N/A,N/A,ok,
ff_test_000585,FF-Real-c23,0,Xception,visual,0.1043,probability,88.29,N/A,N/A,ok,
ff_test_000586,FF-Real-c23,0,Xception,visual,0.2179,probability,140.58,N/A,N/A,ok,
ff_test_000587,FF-Real-c23,0,Xception,visual,0.1076,probability,111.58,N/A,N/A,ok,
ff_test_000588,FF-Real-c23,0,Xception,visual,0.6535,probability,128.66,N/A,N/A,ok,
ff_test_000589,FF-Real-c23,0,Xception,visual,0.1407,probability,131.07,N/A,N/A,ok,
ff_test_000590,FF-Real-c23,0,Xception,visual,0.2435,probability,108.66,N/A,N/A,ok,
ff_test_000591,FF-Real-c23,0,Xception,visual,0.3548,probability,119.5,N/A,N/A,ok,
ff_test_000592,FF-Real-c23,0,Xception,visual,0.6888,probability,102.54,N/A,N/A,ok,
ff_test_000593,FF-Real-c23,0,Xception,visual,0.3374,probability,99.27,N/A,N/A,ok,
ff_test_000594,FF-Real-c23,0,Xception,visual,0.2966,probability,98.29,N/A,N/A,ok,
ff_test_000595,FF-Real-c23,0,Xception,visual,0.5834,probability,93.94,N/A,N/A,ok,
ff_test_000596,FF-Real-c23,0,Xception,visual,0.5342,probability,106.52,N/A,N/A,ok,
ff_test_000597,FF-Real-c23,0,Xception,visual,0.1889,probability,115.32,N/A,N/A,ok,
ff_test_000598,FF-Real-c23,0,Xception,visual,0.2237,probability,106.7,N/A,N/A,ok,
ff_test_000599,FF-Real-c23,0,Xception,visual,0.3474,probability,125.46,N/A,N/A,ok,
ff_test_000600,FF-Real-c23,0,Xception,visual,0.8039,probability,140.22,N/A,N/A,ok,
ff_test_000601,FF-Real-c23,0,Xception,visual,0.2276,probability,127.41,N/A,N/A,ok,
ff_test_000602,FF-Real-c23,0,Xception,visual,0.4302,probability,124.35,N/A,N/A,ok,
ff_test_000603,FF-Real-c23,0,Xception,visual,0.0469,probability,126.04,N/A,N/A,ok,
ff_test_000604,FF-Real-c23,0,Xception,visual,0.3683,probability,131.03,N/A,N/A,ok,
ff_test_000605,FF-Real-c23,0,Xception,visual,0.146,probability,153.42,N/A,N/A,ok,
ff_test_000606,FF-Real-c23,0,Xception,visual,0.3665,probability,132.17,N/A,N/A,ok,
ff_test_000607,FF-Real-c23,0,Xception,visual,0.1758,probability,130.32,N/A,N/A,ok,
ff_test_000608,FF-Real-c23,0,Xception,visual,0.4623,probability,115.8,N/A,N/A,ok,
ff_test_000609,FF-Real-c23,0,Xception,visual,0.2163,probability,130.6,N/A,N/A,ok,
ff_test_000610,FF-Real-c23,0,Xception,visual,0.2349,probability,132.86,N/A,N/A,ok,
ff_test_000611,FF-Real-c23,0,Xception,visual,0.1881,probability,127.17,N/A,N/A,ok,
ff_test_000612,FF-Real-c23,0,Xception,visual,0.3806,probability,140.94,N/A,N/A,ok,
ff_test_000613,FF-Real-c23,0,Xception,visual,0.1113,probability,130.66,N/A,N/A,ok,
ff_test_000614,FF-Real-c23,0,Xception,visual,0.2214,probability,112.87,N/A,N/A,ok,
ff_test_000615,FF-Real-c23,0,Xception,visual,0.2216,probability,134.6,N/A,N/A,ok,
ff_test_000616,FF-Real-c23,0,Xception,visual,0.7067,probability,167.53,N/A,N/A,ok,
ff_test_000617,FF-Real-c23,0,Xception,visual,0.2374,probability,130.45,N/A,N/A,ok,
ff_test_000618,FF-Real-c23,0,Xception,visual,0.6407,probability,96.43,N/A,N/A,ok,
ff_test_000619,FF-Real-c23,0,Xception,visual,0.3287,probability,132.04,N/A,N/A,ok,
ff_test_000620,FF-Real-c23,0,Xception,visual,0.5344,probability,125.18,N/A,N/A,ok,
ff_test_000621,FF-Real-c23,0,Xception,visual,0.2588,probability,96.78,N/A,N/A,ok,
ff_test_000622,FF-Real-c23,0,Xception,visual,0.414,probability,99.71,N/A,N/A,ok,
ff_test_000623,FF-Real-c23,0,Xception,visual,0.3935,probability,105.27,N/A,N/A,ok,
ff_test_000624,FF-Real-c23,0,Xception,visual,0.5629,probability,91.57,N/A,N/A,ok,
ff_test_000625,FF-Real-c23,0,Xception,visual,0.3296,probability,108.75,N/A,N/A,ok,
ff_test_000626,FF-Real-c23,0,Xception,visual,0.2164,probability,130.6,N/A,N/A,ok,
ff_test_000627,FF-Real-c23,0,Xception,visual,0.4032,probability,131.76,N/A,N/A,ok,
ff_test_000628,FF-Real-c23,0,Xception,visual,0.819,probability,114.5,N/A,N/A,ok,
ff_test_000629,FF-Real-c23,0,Xception,visual,0.706,probability,94.93,N/A,N/A,ok,
ff_test_000630,FF-Real-c23,0,Xception,visual,0.362,probability,112.29,N/A,N/A,ok,
ff_test_000631,FF-Real-c23,0,Xception,visual,0.5545,probability,104.81,N/A,N/A,ok,
ff_test_000632,FF-Real-c23,0,Xception,visual,0.2634,probability,111.77,N/A,N/A,ok,
ff_test_000633,FF-Real-c23,0,Xception,visual,0.2777,probability,112.66,N/A,N/A,ok,
ff_test_000634,FF-Real-c23,0,Xception,visual,0.1771,probability,105.43,N/A,N/A,ok,
ff_test_000635,FF-Real-c23,0,Xception,visual,0.3144,probability,111.87,N/A,N/A,ok,
ff_test_000636,FF-Real-c23,0,Xception,visual,0.2126,probability,93.77,N/A,N/A,ok,
ff_test_000637,FF-Real-c23,0,Xception,visual,0.6197,probability,99.65,N/A,N/A,ok,
ff_test_000638,FF-Real-c23,0,Xception,visual,0.4133,probability,107.55,N/A,N/A,ok,
ff_test_000639,FF-Real-c23,0,Xception,visual,0.3341,probability,122.42,N/A,N/A,ok,
ff_test_000640,FF-Real-c23,0,Xception,visual,0.3542,probability,127.0,N/A,N/A,ok,
ff_test_000641,FF-Real-c23,0,Xception,visual,0.3003,probability,97.52,N/A,N/A,ok,
ff_test_000642,FF-Real-c23,0,Xception,visual,0.5586,probability,102.48,N/A,N/A,ok,
ff_test_000643,FF-Real-c23,0,Xception,visual,0.4066,probability,95.24,N/A,N/A,ok,
ff_test_000644,FF-Real-c23,0,Xception,visual,0.2401,probability,128.44,N/A,N/A,ok,
ff_test_000645,FF-Real-c23,0,Xception,visual,0.7516,probability,103.95,N/A,N/A,ok,
ff_test_000646,FF-Real-c23,0,Xception,visual,0.2516,probability,113.28,N/A,N/A,ok,
ff_test_000647,FF-Real-c23,0,Xception,visual,0.5608,probability,121.62,N/A,N/A,ok,
ff_test_000648,FF-Real-c23,0,Xception,visual,0.3999,probability,127.17,N/A,N/A,ok,
ff_test_000649,FF-Real-c23,0,Xception,visual,0.5647,probability,125.36,N/A,N/A,ok,
ff_test_000650,FF-Real-c23,0,Xception,visual,0.4329,probability,121.84,N/A,N/A,ok,
ff_test_000651,FF-Real-c23,0,Xception,visual,0.1018,probability,110.07,N/A,N/A,ok,
ff_test_000652,FF-Real-c23,0,Xception,visual,0.2542,probability,109.17,N/A,N/A,ok,
ff_test_000653,FF-Real-c23,0,Xception,visual,0.3218,probability,103.62,N/A,N/A,ok,
ff_test_000654,FF-Real-c23,0,Xception,visual,0.4062,probability,102.3,N/A,N/A,ok,
ff_test_000655,FF-Real-c23,0,Xception,visual,0.4768,probability,116.21,N/A,N/A,ok,
ff_test_000656,FF-Real-c23,0,Xception,visual,0.3466,probability,131.32,N/A,N/A,ok,
ff_test_000657,FF-Real-c23,0,Xception,visual,0.1221,probability,127.61,N/A,N/A,ok,
ff_test_000658,FF-Real-c23,0,Xception,visual,0.3812,probability,133.63,N/A,N/A,ok,
ff_test_000659,FF-Real-c23,0,Xception,visual,0.7402,probability,115.46,N/A,N/A,ok,
ff_test_000660,FF-Real-c23,0,Xception,visual,0.3285,probability,106.71,N/A,N/A,ok,
ff_test_000661,FF-Real-c23,0,Xception,visual,0.3036,probability,140.42,N/A,N/A,ok,
ff_test_000662,FF-Real-c23,0,Xception,visual,0.1383,probability,126.81,N/A,N/A,ok,
ff_test_000663,FF-Real-c23,0,Xception,visual,0.229,probability,131.05,N/A,N/A,ok,
ff_test_000664,FF-Real-c23,0,Xception,visual,0.3821,probability,161.6,N/A,N/A,ok,
ff_test_000665,FF-Real-c23,0,Xception,visual,0.2594,probability,189.99,N/A,N/A,ok,
ff_test_000666,FF-Real-c23,0,Xception,visual,0.1379,probability,203.48,N/A,N/A,ok,
ff_test_000667,FF-Real-c23,0,Xception,visual,0.7161,probability,195.32,N/A,N/A,ok,
ff_test_000668,FF-Real-c23,0,Xception,visual,0.406,probability,185.99,N/A,N/A,ok,
ff_test_000669,FF-Real-c23,0,Xception,visual,0.1293,probability,178.81,N/A,N/A,ok,
ff_test_000670,FF-Real-c23,0,Xception,visual,0.4984,probability,202.95,N/A,N/A,ok,
ff_test_000671,FF-Real-c23,0,Xception,visual,0.2274,probability,150.22,N/A,N/A,ok,
ff_test_000672,FF-Real-c23,0,Xception,visual,0.1816,probability,197.69,N/A,N/A,ok,
ff_test_000673,FF-Real-c23,0,Xception,visual,0.2612,probability,184.89,N/A,N/A,ok,
ff_test_000674,FF-Real-c23,0,Xception,visual,0.6294,probability,141.67,N/A,N/A,ok,
ff_test_000675,FF-Real-c23,0,Xception,visual,0.1675,probability,153.9,N/A,N/A,ok,
ff_test_000676,FF-Real-c23,0,Xception,visual,0.1708,probability,190.46,N/A,N/A,ok,
ff_test_000677,FF-Real-c23,0,Xception,visual,0.2325,probability,168.28,N/A,N/A,ok,
ff_test_000678,FF-Real-c23,0,Xception,visual,0.1131,probability,123.61,N/A,N/A,ok,
ff_test_000679,FF-Real-c23,0,Xception,visual,0.0438,probability,119.04,N/A,N/A,ok,
ff_test_000680,FF-Real-c23,0,Xception,visual,0.5217,probability,135.21,N/A,N/A,ok,
ff_test_000681,FF-Real-c23,0,Xception,visual,0.0715,probability,136.39,N/A,N/A,ok,
ff_test_000682,FF-Real-c23,0,Xception,visual,0.2566,probability,111.64,N/A,N/A,ok,
ff_test_000683,FF-Real-c23,0,Xception,visual,0.1197,probability,100.17,N/A,N/A,ok,
ff_test_000684,FF-Real-c23,0,Xception,visual,0.1892,probability,111.34,N/A,N/A,ok,
ff_test_000685,FF-Real-c23,0,Xception,visual,0.3398,probability,143.26,N/A,N/A,ok,
ff_test_000686,FF-Real-c23,0,Xception,visual,0.7188,probability,116.92,N/A,N/A,ok,
ff_test_000687,FF-Real-c23,0,Xception,visual,0.7415,probability,185.61,N/A,N/A,ok,
ff_test_000688,FF-Real-c23,0,Xception,visual,0.2767,probability,192.5,N/A,N/A,ok,
ff_test_000689,FF-Real-c23,0,Xception,visual,0.286,probability,143.61,N/A,N/A,ok,
ff_test_000690,FF-Real-c23,0,Xception,visual,0.4357,probability,155.19,N/A,N/A,ok,
ff_test_000691,FF-Real-c23,0,Xception,visual,0.5307,probability,105.42,N/A,N/A,ok,
ff_test_000692,FF-Real-c23,0,Xception,visual,0.9121,probability,123.75,N/A,N/A,ok,
ff_test_000693,FF-Real-c23,0,Xception,visual,0.1734,probability,128.4,N/A,N/A,ok,
ff_test_000694,FF-Real-c23,0,Xception,visual,0.001,probability,138.79,N/A,N/A,ok,
ff_test_000695,FF-Real-c23,0,Xception,visual,0.4381,probability,170.44,N/A,N/A,ok,
ff_test_000696,FF-Real-c23,0,Xception,visual,0.075,probability,174.3,N/A,N/A,ok,
ff_test_000697,FF-Real-c23,0,Xception,visual,0.0679,probability,144.15,N/A,N/A,ok,
ff_test_000698,FF-Real-c23,0,Xception,visual,0.0727,probability,149.1,N/A,N/A,ok,
ff_test_000699,FF-Real-c23,0,Xception,visual,0.1273,probability,143.64,N/A,N/A,ok,
