Threshold,FAR,FRR
0.001,0.0,1.0
0.002,0.0,1.0
0.003,0.0,1.0
0.004,0.0,1.0
0.005,0.0,1.0
0.006,0.0,1.0
0.007,0.0,1.0
0.008,0.0,0.992857
0.009,0.0,0.992857
0.01,0.0,0.985714
0.011,0.0,0.978571
0.012,0.0,0.978571
0.013,0.0,0.978571
0.014,0.0,0.971429
0.015,0.0,0.971429
0.016,0.0,0.971429
0.017,0.0,0.971429
0.018,0.0,0.957143
0.019,0.0,0.957143
0.02,0.0,0.942857
0.021,0.001786,0.942857
0.022,0.001786,0.942857
0.023,0.001786,0.935714
0.024,0.001786,0.928571
0.025,0.001786,0.921429
0.026,0.001786,0.921429
0.027,0.001786,0.921429
0.028,0.001786,0.921429
0.029,0.001786,0.921429
0.03,0.001786,0.921429
0.031,0.001786,0.914286
0.032,0.001786,0.907143
0.033,0.001786,0.907143
0.034,0.001786,0.907143
0.035,0.001786,0.907143
0.036,0.001786,0.9
0.037,0.001786,0.9
0.038,0.001786,0.892857
0.039,0.001786,0.885714
0.04,0.001786,0.871429
0.041,0.001786,0.871429
0.042,0.001786,0.864286
0.043,0.001786,0.864286
0.044,0.001786,0.864286
0.045,0.001786,0.864286
0.046,0.001786,0.857143
0.047,0.001786,0.85
0.048,0.001786,0.85
0.049,0.001786,0.835714
0.05,0.001786,0.828571
0.051,0.003571,0.821429
0.052,0.003571,0.821429
0.053,0.003571,0.821429
0.054,0.003571,0.821429
0.055,0.003571,0.821429
0.056,0.003571,0.821429
0.057,0.003571,0.814286
0.058,0.003571,0.807143
0.059,0.003571,0.807143
0.06,0.003571,0.807143
0.061,0.003571,0.807143
0.062,0.003571,0.8
0.063,0.003571,0.8
0.064,0.003571,0.8
0.065,0.003571,0.8
0.066,0.003571,0.792857
0.067,0.003571,0.792857
0.068,0.003571,0.792857
0.069,0.003571,0.778571
0.07,0.003571,0.778571
0.071,0.003571,0.778571
0.072,0.003571,0.778571
0.073,0.003571,0.778571
0.074,0.003571,0.778571
0.075,0.003571,0.778571
0.076,0.003571,0.778571
0.077,0.003571,0.778571
0.078,0.003571,0.778571
0.079,0.003571,0.778571
0.08,0.003571,0.771429
0.081,0.003571,0.771429
0.082,0.003571,0.771429
0.083,0.003571,0.771429
0.084,0.003571,0.771429
0.085,0.003571,0.771429
0.086,0.003571,0.771429
0.087,0.003571,0.771429
0.088,0.003571,0.771429
0.089,0.003571,0.771429
0.09,0.003571,0.771429
0.091,0.003571,0.771429
0.092,0.003571,0.771429
0.093,0.003571,0.771429
0.094,0.003571,0.764286
0.095,0.003571,0.757143
0.096,0.003571,0.757143
0.097,0.003571,0.757143
0.098,0.003571,0.75
0.099,0.003571,0.75
0.1,0.003571,0.75
0.101,0.003571,0.75
0.102,0.003571,0.75
0.103,0.003571,0.742857
0.104,0.003571,0.742857
0.105,0.003571,0.742857
0.106,0.003571,0.742857
0.107,0.003571,0.742857
0.108,0.003571,0.735714
0.109,0.003571,0.735714
0.11,0.003571,0.728571
0.111,0.003571,0.728571
0.112,0.003571,0.728571
0.113,0.003571,0.721429
0.114,0.003571,0.721429
0.115,0.003571,0.721429
0.116,0.003571,0.721429
0.117,0.003571,0.721429
0.118,0.003571,0.714286
0.119,0.003571,0.707143
0.12,0.003571,0.7
0.121,0.003571,0.7
0.122,0.003571,0.7
0.123,0.003571,0.7
0.124,0.003571,0.7
0.125,0.003571,0.7
0.126,0.003571,0.7
0.127,0.003571,0.7
0.128,0.003571,0.692857
0.129,0.003571,0.685714
0.13,0.003571,0.685714
0.131,0.003571,0.685714
0.132,0.003571,0.685714
0.133,0.003571,0.685714
0.134,0.003571,0.685714
0.135,0.003571,0.685714
0.136,0.003571,0.685714
0.137,0.003571,0.685714
0.138,0.003571,0.678571
0.139,0.003571,0.678571
0.14,0.003571,0.678571
0.141,0.003571,0.678571
0.142,0.003571,0.664286
0.143,0.003571,0.664286
0.144,0.003571,0.664286
0.145,0.003571,0.664286
0.146,0.003571,0.657143
0.147,0.003571,0.657143
0.148,0.003571,0.65
0.149,0.003571,0.65
0.15,0.003571,0.65
0.151,0.003571,0.642857
0.152,0.003571,0.635714
0.153,0.003571,0.628571
0.154,0.003571,0.628571
0.155,0.003571,0.628571
0.156,0.003571,0.628571
0.157,0.003571,0.628571
0.158,0.003571,0.628571
0.159,0.003571,0.628571
0.16,0.003571,0.628571
0.161,0.003571,0.621429
0.162,0.003571,0.614286
0.163,0.003571,0.614286
0.164,0.003571,0.614286
0.165,0.003571,0.614286
0.166,0.003571,0.607143
0.167,0.003571,0.607143
0.168,0.003571,0.6
0.169,0.003571,0.6
0.17,0.003571,0.6
0.171,0.003571,0.585714
0.172,0.003571,0.578571
0.173,0.003571,0.578571
0.174,0.003571,0.578571
0.175,0.003571,0.578571
0.176,0.003571,0.571429
0.177,0.003571,0.571429
0.178,0.003571,0.571429
0.179,0.003571,0.571429
0.18,0.003571,0.571429
0.181,0.003571,0.571429
0.182,0.003571,0.564286
0.183,0.003571,0.564286
0.184,0.003571,0.564286
0.185,0.003571,0.557143
0.186,0.003571,0.557143
0.187,0.003571,0.557143
0.188,0.003571,0.557143
0.189,0.003571,0.557143
0.19,0.003571,0.557143
0.191,0.003571,0.55
0.192,0.003571,0.55
0.193,0.003571,0.55
0.194,0.003571,0.55
0.195,0.003571,0.55
0.196,0.003571,0.542857
0.197,0.003571,0.542857
0.198,0.003571,0.542857
0.199,0.003571,0.542857
0.2,0.003571,0.542857
0.201,0.003571,0.542857
0.202,0.003571,0.542857
0.203,0.003571,0.535714
0.204,0.003571,0.535714
0.205,0.003571,0.521429
0.206,0.003571,0.514286
0.207,0.003571,0.514286
0.208,0.003571,0.514286
0.209,0.003571,0.514286
0.21,0.003571,0.514286
0.211,0.003571,0.514286
0.212,0.003571,0.514286
0.213,0.003571,0.514286
0.214,0.003571,0.514286
0.215,0.003571,0.507143
0.216,0.003571,0.507143
0.217,0.003571,0.5
0.218,0.003571,0.492857
0.219,0.003571,0.492857
0.22,0.003571,0.492857
0.221,0.003571,0.478571
0.222,0.003571,0.478571
0.223,0.003571,0.478571
0.224,0.003571,0.478571
0.225,0.003571,0.471429
0.226,0.003571,0.471429
0.227,0.003571,0.471429
0.228,0.003571,0.471429
0.229,0.003571,0.471429
0.23,0.003571,0.471429
0.231,0.003571,0.471429
0.232,0.003571,0.471429
0.233,0.003571,0.464286
0.234,0.003571,0.464286
0.235,0.003571,0.464286
0.236,0.003571,0.464286
0.237,0.003571,0.464286
0.238,0.003571,0.464286
0.239,0.003571,0.464286
0.24,0.003571,0.464286
0.241,0.003571,0.464286
0.242,0.003571,0.464286
0.243,0.003571,0.464286
0.244,0.003571,0.464286
0.245,0.003571,0.464286
0.246,0.003571,0.464286
0.247,0.003571,0.464286
0.248,0.003571,0.464286
0.249,0.005357,0.464286
0.25,0.005357,0.464286
0.251,0.005357,0.464286
0.252,0.005357,0.464286
0.253,0.005357,0.464286
0.254,0.005357,0.464286
0.255,0.005357,0.464286
0.256,0.005357,0.464286
0.257,0.005357,0.457143
0.258,0.007143,0.457143
0.259,0.007143,0.45
0.26,0.007143,0.45
0.261,0.007143,0.45
0.262,0.007143,0.45
0.263,0.007143,0.45
0.264,0.007143,0.45
0.265,0.007143,0.45
0.266,0.007143,0.45
0.267,0.007143,0.45
0.268,0.007143,0.45
0.269,0.007143,0.45
0.27,0.007143,0.45
0.271,0.007143,0.45
0.272,0.007143,0.45
0.273,0.007143,0.45
0.274,0.007143,0.45
0.275,0.007143,0.45
0.276,0.007143,0.45
0.277,0.007143,0.45
0.278,0.007143,0.45
0.279,0.007143,0.45
0.28,0.007143,0.45
0.281,0.007143,0.45
0.282,0.007143,0.45
0.283,0.007143,0.45
0.284,0.007143,0.45
0.285,0.007143,0.45
0.286,0.007143,0.45
0.287,0.007143,0.442857
0.288,0.007143,0.442857
0.289,0.007143,0.442857
0.29,0.007143,0.442857
0.291,0.007143,0.442857
0.292,0.007143,0.442857
0.293,0.007143,0.442857
0.294,0.007143,0.435714
0.295,0.007143,0.435714
0.296,0.007143,0.435714
0.297,0.007143,0.435714
0.298,0.007143,0.435714
0.299,0.007143,0.435714
0.3,0.007143,0.435714
0.301,0.007143,0.435714
0.302,0.007143,0.435714
0.303,0.007143,0.435714
0.304,0.007143,0.435714
0.305,0.007143,0.435714
0.306,0.007143,0.435714
0.307,0.007143,0.435714
0.308,0.007143,0.435714
0.309,0.007143,0.435714
0.31,0.007143,0.435714
0.311,0.007143,0.435714
0.312,0.007143,0.435714
0.313,0.007143,0.428571
0.314,0.007143,0.428571
0.315,0.007143,0.428571
0.316,0.007143,0.428571
0.317,0.007143,0.428571
0.318,0.007143,0.428571
0.319,0.007143,0.428571
0.32,0.007143,0.428571
0.321,0.007143,0.428571
0.322,0.007143,0.428571
0.323,0.007143,0.428571
0.324,0.007143,0.428571
0.325,0.007143,0.428571
0.326,0.007143,0.428571
0.327,0.007143,0.428571
0.328,0.007143,0.428571
0.329,0.007143,0.428571
0.33,0.007143,0.428571
0.331,0.007143,0.428571
0.332,0.007143,0.421429
0.333,0.007143,0.421429
0.334,0.007143,0.414286
0.335,0.007143,0.414286
0.336,0.007143,0.407143
0.337,0.007143,0.4
0.338,0.007143,0.392857
0.339,0.007143,0.392857
0.34,0.007143,0.392857
0.341,0.007143,0.392857
0.342,0.007143,0.392857
0.343,0.007143,0.385714
0.344,0.007143,0.385714
0.345,0.007143,0.385714
0.346,0.007143,0.385714
0.347,0.007143,0.385714
0.348,0.007143,0.385714
0.349,0.007143,0.385714
0.35,0.007143,0.385714
0.351,0.007143,0.385714
0.352,0.007143,0.378571
0.353,0.007143,0.378571
0.354,0.007143,0.371429
0.355,0.007143,0.371429
0.356,0.007143,0.371429
0.357,0.007143,0.371429
0.358,0.007143,0.371429
0.359,0.007143,0.364286
0.36,0.007143,0.364286
0.361,0.007143,0.35
0.362,0.007143,0.35
0.363,0.007143,0.35
0.364,0.007143,0.35
0.365,0.007143,0.342857
0.366,0.007143,0.342857
0.367,0.007143,0.342857
0.368,0.007143,0.342857
0.369,0.007143,0.342857
0.37,0.007143,0.342857
0.371,0.007143,0.342857
0.372,0.007143,0.342857
0.373,0.007143,0.342857
0.374,0.007143,0.342857
0.375,0.007143,0.342857
0.376,0.007143,0.335714
0.377,0.007143,0.335714
0.378,0.007143,0.335714
0.379,0.007143,0.335714
0.38,0.007143,0.335714
0.381,0.007143,0.335714
0.382,0.007143,0.335714
0.383,0.007143,0.335714
0.384,0.007143,0.328571
0.385,0.007143,0.321429
0.386,0.007143,0.321429
0.387,0.007143,0.321429
0.388,0.007143,0.314286
0.389,0.007143,0.314286
0.39,0.007143,0.307143
0.391,0.007143,0.307143
0.392,0.008929,0.307143
0.393,0.008929,0.3
0.394,0.008929,0.292857
0.395,0.008929,0.292857
0.396,0.008929,0.292857
0.397,0.008929,0.292857
0.398,0.010714,0.292857
0.399,0.010714,0.292857
0.4,0.010714,0.292857
0.401,0.010714,0.292857
0.402,0.010714,0.292857
0.403,0.010714,0.292857
0.404,0.010714,0.292857
0.405,0.010714,0.292857
0.406,0.010714,0.292857
0.407,0.010714,0.292857
0.408,0.010714,0.292857
0.409,0.010714,0.292857
0.41,0.010714,0.292857
0.411,0.010714,0.292857
0.412,0.010714,0.292857
0.413,0.010714,0.292857
0.414,0.010714,0.292857
0.415,0.010714,0.292857
0.416,0.010714,0.285714
0.417,0.010714,0.278571
0.418,0.010714,0.278571
0.419,0.010714,0.278571
0.42,0.010714,0.278571
0.421,0.010714,0.278571
0.422,0.010714,0.278571
0.423,0.010714,0.278571
0.424,0.010714,0.278571
0.425,0.010714,0.278571
0.426,0.010714,0.278571
0.427,0.010714,0.278571
0.428,0.010714,0.278571
0.429,0.010714,0.278571
0.43,0.010714,0.278571
0.431,0.010714,0.271429
0.432,0.010714,0.271429
0.433,0.010714,0.271429
0.434,0.010714,0.271429
0.435,0.010714,0.271429
0.436,0.010714,0.257143
0.437,0.010714,0.257143
0.438,0.010714,0.257143
0.439,0.010714,0.257143
0.44,0.010714,0.257143
0.441,0.010714,0.257143
0.442,0.010714,0.257143
0.443,0.010714,0.257143
0.444,0.010714,0.257143
0.445,0.010714,0.25
0.446,0.010714,0.25
0.447,0.010714,0.25
0.448,0.010714,0.25
0.449,0.010714,0.25
0.45,0.010714,0.242857
0.451,0.0125,0.242857
0.452,0.0125,0.242857
0.453,0.0125,0.235714
0.454,0.0125,0.235714
0.455,0.0125,0.235714
0.456,0.0125,0.235714
0.457,0.0125,0.228571
0.458,0.0125,0.228571
0.459,0.0125,0.228571
0.46,0.0125,0.228571
0.461,0.0125,0.228571
0.462,0.0125,0.228571
0.463,0.0125,0.221429
0.464,0.0125,0.221429
0.465,0.0125,0.221429
0.466,0.0125,0.221429
0.467,0.0125,0.214286
0.468,0.0125,0.214286
0.469,0.0125,0.214286
0.47,0.0125,0.207143
0.471,0.0125,0.207143
0.472,0.0125,0.207143
0.473,0.0125,0.207143
0.474,0.0125,0.207143
0.475,0.0125,0.207143
0.476,0.0125,0.207143
0.477,0.0125,0.207143
0.478,0.0125,0.2
0.479,0.0125,0.2
0.48,0.0125,0.2
0.481,0.0125,0.2
0.482,0.0125,0.2
0.483,0.0125,0.2
0.484,0.0125,0.2
0.485,0.0125,0.185714
0.486,0.0125,0.185714
0.487,0.0125,0.185714
0.488,0.0125,0.185714
0.489,0.0125,0.185714
0.49,0.0125,0.185714
0.491,0.0125,0.178571
0.492,0.0125,0.178571
0.493,0.0125,0.178571
0.494,0.0125,0.178571
0.495,0.0125,0.178571
0.496,0.0125,0.178571
0.497,0.0125,0.178571
0.498,0.0125,0.178571
0.499,0.0125,0.178571
0.5,0.0125,0.178571
0.501,0.014286,0.178571
0.502,0.014286,0.178571
0.503,0.014286,0.164286
0.504,0.014286,0.164286
0.505,0.014286,0.164286
0.506,0.014286,0.157143
0.507,0.014286,0.157143
0.508,0.014286,0.157143
0.509,0.014286,0.157143
0.51,0.014286,0.157143
0.511,0.016071,0.157143
0.512,0.017857,0.157143
0.513,0.017857,0.157143
0.514,0.017857,0.157143
0.515,0.017857,0.157143
0.516,0.017857,0.157143
0.517,0.017857,0.157143
0.518,0.017857,0.157143
0.519,0.017857,0.157143
0.52,0.017857,0.157143
0.521,0.017857,0.157143
0.522,0.017857,0.157143
0.523,0.017857,0.15
0.524,0.017857,0.15
0.525,0.017857,0.142857
0.526,0.017857,0.142857
0.527,0.017857,0.142857
0.528,0.017857,0.142857
0.529,0.017857,0.142857
0.53,0.017857,0.142857
0.531,0.017857,0.142857
0.532,0.017857,0.142857
0.533,0.017857,0.142857
0.534,0.017857,0.142857
0.535,0.017857,0.142857
0.536,0.017857,0.142857
0.537,0.017857,0.142857
0.538,0.017857,0.142857
0.539,0.017857,0.142857
0.54,0.017857,0.142857
0.541,0.017857,0.142857
0.542,0.017857,0.142857
0.543,0.017857,0.142857
0.544,0.017857,0.142857
0.545,0.017857,0.142857
0.546,0.017857,0.142857
0.547,0.017857,0.142857
0.548,0.017857,0.135714
0.549,0.017857,0.135714
0.55,0.017857,0.135714
0.551,0.017857,0.135714
0.552,0.017857,0.135714
0.553,0.017857,0.135714
0.554,0.017857,0.135714
0.555,0.017857,0.135714
0.556,0.017857,0.135714
0.557,0.017857,0.135714
0.558,0.019643,0.135714
0.559,0.019643,0.135714
0.56,0.019643,0.135714
0.561,0.019643,0.135714
0.562,0.019643,0.135714
0.563,0.019643,0.135714
0.564,0.019643,0.135714
0.565,0.021429,0.135714
0.566,0.021429,0.135714
0.567,0.021429,0.135714
0.568,0.021429,0.135714
0.569,0.021429,0.135714
0.57,0.021429,0.128571
0.571,0.021429,0.128571
0.572,0.021429,0.128571
0.573,0.021429,0.128571
0.574,0.021429,0.128571
0.575,0.021429,0.128571
0.576,0.021429,0.128571
0.577,0.021429,0.128571
0.578,0.021429,0.128571
0.579,0.021429,0.128571
0.58,0.021429,0.128571
0.581,0.023214,0.128571
0.582,0.023214,0.128571
0.583,0.025,0.128571
0.584,0.025,0.128571
0.585,0.025,0.128571
0.586,0.025,0.128571
0.587,0.025,0.128571
0.588,0.025,0.128571
0.589,0.025,0.128571
0.59,0.025,0.128571
0.591,0.025,0.128571
0.592,0.025,0.128571
0.593,0.025,0.128571
0.594,0.025,0.128571
0.595,0.025,0.128571
0.596,0.025,0.128571
0.597,0.025,0.128571
0.598,0.025,0.128571
0.599,0.025,0.128571
0.6,0.025,0.128571
0.601,0.025,0.128571
0.602,0.025,0.128571
0.603,0.025,0.128571
0.604,0.025,0.128571
0.605,0.025,0.128571
0.606,0.025,0.128571
0.607,0.025,0.128571
0.608,0.025,0.128571
0.609,0.025,0.128571
0.61,0.025,0.128571
0.611,0.025,0.128571
0.612,0.025,0.128571
0.613,0.025,0.128571
0.614,0.025,0.128571
0.615,0.025,0.128571
0.616,0.025,0.128571
0.617,0.026786,0.121429
0.618,0.026786,0.121429
0.619,0.026786,0.121429
0.62,0.026786,0.121429
0.621,0.026786,0.114286
0.622,0.026786,0.114286
0.623,0.026786,0.114286
0.624,0.026786,0.114286
0.625,0.026786,0.114286
0.626,0.026786,0.114286
0.627,0.026786,0.107143
0.628,0.026786,0.1
0.629,0.026786,0.1
0.63,0.026786,0.1
0.631,0.026786,0.1
0.632,0.026786,0.1
0.633,0.026786,0.1
0.634,0.026786,0.1
0.635,0.026786,0.1
0.636,0.026786,0.1
0.637,0.026786,0.1
0.638,0.026786,0.1
0.639,0.026786,0.1
0.64,0.026786,0.1
0.641,0.026786,0.1
0.642,0.026786,0.1
0.643,0.026786,0.1
0.644,0.026786,0.1
0.645,0.026786,0.1
0.646,0.028571,0.1
0.647,0.028571,0.1
0.648,0.028571,0.1
0.649,0.028571,0.1
0.65,0.030357,0.1
0.651,0.030357,0.1
0.652,0.030357,0.1
0.653,0.030357,0.1
0.654,0.030357,0.1
0.655,0.030357,0.1
0.656,0.030357,0.1
0.657,0.030357,0.1
0.658,0.030357,0.1
0.659,0.030357,0.1
0.66,0.030357,0.092857
0.661,0.032143,0.092857
0.662,0.032143,0.092857
0.663,0.032143,0.092857
0.664,0.032143,0.092857
0.665,0.032143,0.092857
0.666,0.032143,0.092857
0.667,0.032143,0.092857
0.668,0.032143,0.092857
0.669,0.032143,0.092857
0.67,0.032143,0.092857
0.671,0.032143,0.092857
0.672,0.032143,0.092857
0.673,0.032143,0.092857
0.674,0.032143,0.092857
0.675,0.032143,0.092857
0.676,0.033929,0.092857
0.677,0.033929,0.092857
0.678,0.033929,0.092857
0.679,0.033929,0.085714
0.68,0.033929,0.085714
0.681,0.033929,0.085714
0.682,0.033929,0.085714
0.683,0.033929,0.085714
0.684,0.033929,0.085714
0.685,0.033929,0.085714
0.686,0.033929,0.085714
0.687,0.033929,0.085714
0.688,0.033929,0.085714
0.689,0.033929,0.085714
0.69,0.035714,0.085714
0.691,0.035714,0.085714
0.692,0.035714,0.085714
0.693,0.035714,0.085714
0.694,0.035714,0.085714
0.695,0.035714,0.085714
0.696,0.035714,0.085714
0.697,0.035714,0.085714
0.698,0.035714,0.085714
0.699,0.035714,0.085714
0.7,0.035714,0.085714
0.701,0.035714,0.078571
0.702,0.035714,0.078571
0.703,0.035714,0.078571
0.704,0.035714,0.078571
0.705,0.035714,0.078571
0.706,0.035714,0.078571
0.707,0.035714,0.078571
0.708,0.035714,0.078571
0.709,0.035714,0.078571
0.71,0.035714,0.078571
0.711,0.0375,0.078571
0.712,0.039286,0.078571
0.713,0.039286,0.078571
0.714,0.039286,0.078571
0.715,0.039286,0.078571
0.716,0.039286,0.071429
0.717,0.039286,0.071429
0.718,0.039286,0.071429
0.719,0.039286,0.071429
0.72,0.039286,0.071429
0.721,0.039286,0.071429
0.722,0.039286,0.071429
0.723,0.039286,0.071429
0.724,0.039286,0.071429
0.725,0.039286,0.071429
0.726,0.039286,0.071429
0.727,0.039286,0.071429
0.728,0.039286,0.071429
0.729,0.039286,0.071429
0.73,0.039286,0.071429
0.731,0.039286,0.071429
0.732,0.039286,0.071429
0.733,0.039286,0.071429
0.734,0.039286,0.071429
0.735,0.039286,0.071429
0.736,0.039286,0.071429
0.737,0.039286,0.071429
0.738,0.039286,0.071429
0.739,0.039286,0.071429
0.74,0.039286,0.064286
0.741,0.039286,0.064286
0.742,0.041071,0.064286
0.743,0.041071,0.064286
0.744,0.042857,0.064286
0.745,0.042857,0.064286
0.746,0.042857,0.064286
0.747,0.044643,0.064286
0.748,0.044643,0.064286
0.749,0.044643,0.064286
0.75,0.044643,0.064286
0.751,0.044643,0.064286
0.752,0.044643,0.064286
0.753,0.046429,0.064286
0.754,0.046429,0.057143
0.755,0.046429,0.057143
0.756,0.046429,0.057143
0.757,0.046429,0.057143
0.758,0.046429,0.057143
0.759,0.046429,0.057143
0.76,0.046429,0.057143
0.761,0.046429,0.057143
0.762,0.046429,0.057143
0.763,0.048214,0.057143
0.764,0.05,0.057143
0.765,0.05,0.057143
0.766,0.05,0.057143
0.767,0.05,0.057143
0.768,0.05,0.057143
0.769,0.05,0.057143
0.77,0.05,0.057143
0.771,0.05,0.057143
0.772,0.05,0.057143
0.773,0.05,0.057143
0.774,0.05,0.057143
0.775,0.05,0.057143
0.776,0.05,0.057143
0.777,0.05,0.057143
0.778,0.05,0.057143
0.779,0.05,0.057143
0.78,0.051786,0.057143
0.781,0.051786,0.057143
0.782,0.051786,0.057143
0.783,0.051786,0.057143
0.784,0.051786,0.057143
0.785,0.051786,0.057143
0.786,0.051786,0.057143
0.787,0.051786,0.057143
0.788,0.051786,0.057143
0.789,0.051786,0.057143
0.79,0.051786,0.05
0.791,0.051786,0.05
0.792,0.051786,0.05
0.793,0.051786,0.05
0.794,0.051786,0.05
0.795,0.053571,0.05
0.796,0.053571,0.05
0.797,0.053571,0.05
0.798,0.053571,0.05
0.799,0.053571,0.05
0.8,0.055357,0.05
0.801,0.055357,0.05
0.802,0.055357,0.05
0.803,0.055357,0.05
0.804,0.055357,0.05
0.805,0.055357,0.05
0.806,0.055357,0.05
0.807,0.055357,0.05
0.808,0.055357,0.05
0.809,0.055357,0.05
0.81,0.055357,0.05
0.811,0.057143,0.05
0.812,0.057143,0.05
0.813,0.058929,0.05
0.814,0.058929,0.05
0.815,0.058929,0.05
0.816,0.058929,0.05
0.817,0.058929,0.05
0.818,0.058929,0.05
0.819,0.058929,0.05
0.82,0.058929,0.05
0.821,0.058929,0.05
0.822,0.058929,0.05
0.823,0.058929,0.05
0.824,0.058929,0.05
0.825,0.058929,0.05
0.826,0.058929,0.05
0.827,0.058929,0.05
0.828,0.058929,0.05
0.829,0.060714,0.05
0.83,0.0625,0.05
0.831,0.0625,0.05
0.832,0.0625,0.05
0.833,0.0625,0.05
0.834,0.064286,0.05
0.835,0.066071,0.05
0.836,0.066071,0.05
0.837,0.066071,0.05
0.838,0.066071,0.05
0.839,0.066071,0.05
0.84,0.066071,0.05
0.841,0.067857,0.05
0.842,0.067857,0.05
0.843,0.067857,0.05
0.844,0.067857,0.05
0.845,0.069643,0.05
0.846,0.069643,0.05
0.847,0.071429,0.042857
0.848,0.071429,0.042857
0.849,0.071429,0.042857
0.85,0.071429,0.042857
0.851,0.071429,0.042857
0.852,0.071429,0.042857
0.853,0.073214,0.042857
0.854,0.073214,0.042857
0.855,0.073214,0.035714
0.856,0.073214,0.035714
0.857,0.075,0.035714
0.858,0.076786,0.035714
0.859,0.078571,0.035714
0.86,0.078571,0.035714
0.861,0.078571,0.035714
0.862,0.080357,0.035714
0.863,0.082143,0.035714
0.864,0.082143,0.035714
0.865,0.082143,0.035714
0.866,0.082143,0.035714
0.867,0.082143,0.035714
0.868,0.083929,0.035714
0.869,0.083929,0.035714
0.87,0.083929,0.035714
0.871,0.083929,0.035714
0.872,0.083929,0.035714
0.873,0.083929,0.035714
0.874,0.083929,0.035714
0.875,0.083929,0.035714
0.876,0.083929,0.035714
0.877,0.085714,0.035714
0.878,0.085714,0.035714
0.879,0.085714,0.035714
0.88,0.0875,0.035714
0.881,0.0875,0.035714
0.882,0.089286,0.035714
0.883,0.089286,0.035714
0.884,0.089286,0.035714
0.885,0.089286,0.035714
0.886,0.091071,0.021429
0.887,0.091071,0.021429
0.888,0.091071,0.021429
0.889,0.091071,0.021429
0.89,0.091071,0.021429
0.891,0.091071,0.021429
0.892,0.092857,0.021429
0.893,0.094643,0.021429
0.894,0.094643,0.021429
0.895,0.094643,0.021429
0.896,0.094643,0.021429
0.897,0.094643,0.021429
0.898,0.094643,0.021429
0.899,0.094643,0.014286
0.9,0.094643,0.014286
0.901,0.094643,0.014286
0.902,0.096429,0.014286
0.903,0.098214,0.014286
0.904,0.1,0.014286
0.905,0.101786,0.014286
0.906,0.103571,0.014286
0.907,0.105357,0.014286
0.908,0.105357,0.014286
0.909,0.105357,0.014286
0.91,0.110714,0.014286
0.911,0.110714,0.014286
0.912,0.1125,0.014286
0.913,0.116071,0.014286
0.914,0.116071,0.014286
0.915,0.116071,0.014286
0.916,0.116071,0.007143
0.917,0.117857,0.007143
0.918,0.117857,0.007143
0.919,0.117857,0.007143
0.92,0.121429,0.007143
0.921,0.121429,0.007143
0.922,0.125,0.007143
0.923,0.125,0.007143
0.924,0.125,0.007143
0.925,0.128571,0.007143
0.926,0.130357,0.007143
0.927,0.132143,0.007143
0.928,0.132143,0.007143
0.929,0.132143,0.007143
0.93,0.133929,0.007143
0.931,0.135714,0.007143
0.932,0.135714,0.007143
0.933,0.135714,0.007143
0.934,0.135714,0.007143
0.935,0.139286,0.007143
0.936,0.139286,0.007143
0.937,0.139286,0.007143
0.938,0.139286,0.007143
0.939,0.139286,0.007143
0.94,0.142857,0.007143
0.941,0.142857,0.007143
0.942,0.142857,0.007143
0.943,0.144643,0.007143
0.944,0.144643,0.007143
0.945,0.146429,0.007143
0.946,0.146429,0.007143
0.947,0.148214,0.007143
0.948,0.151786,0.007143
0.949,0.151786,0.007143
0.95,0.153571,0.007143
0.951,0.160714,0.007143
0.952,0.1625,0.007143
0.953,0.1625,0.007143
0.954,0.164286,0.007143
0.955,0.164286,0.007143
0.956,0.167857,0.007143
0.957,0.169643,0.007143
0.958,0.171429,0.007143
0.959,0.173214,0.007143
0.96,0.176786,0.007143
0.961,0.176786,0.007143
0.962,0.182143,0.007143
0.963,0.182143,0.007143
0.964,0.183929,0.007143
0.965,0.1875,0.007143
0.966,0.191071,0.007143
0.967,0.194643,0.007143
0.968,0.198214,0.0
0.969,0.201786,0.0
0.97,0.205357,0.0
0.971,0.2125,0.0
0.972,0.216071,0.0
0.973,0.217857,0.0
0.974,0.221429,0.0
0.975,0.232143,0.0
0.976,0.246429,0.0
0.977,0.253571,0.0
0.978,0.271429,0.0
0.979,0.289286,0.0
0.98,0.303571,0.0
0.981,0.326786,0.0
0.982,0.35,0.0
0.983,0.3625,0.0
0.984,0.375,0.0
0.985,0.405357,0.0
0.986,0.442857,0.0
0.987,0.478571,0.0
0.988,0.5125,0.0
0.989,0.576786,0.0
0.99,0.605357,0.0
0.991,0.666071,0.0
0.992,0.732143,0.0
0.993,0.776786,0.0
0.994,0.816071,0.0
0.995,0.85,0.0
0.996,0.898214,0.0
0.997,0.948214,0.0
0.998,0.989286,0.0
0.999,0.998214,0.0
1,1.0,0.0
